title,directions,PrepTime,Difficulty
No-Bake Nut Cookies,"In a heavy 2-quart saucepan, mix brown sugar, nuts, evaporated milk and butter or margarine.\n Stir over medium heat until mixture bubbles all over top.\n Boil and stir 5 minutes more. Take off heat.\n Stir in vanilla and cereal; mix well.\n Using 2 teaspoons, drop and shape into 30 clusters on wax paper.\n Let stand until firm, about 30 minutes.",25,4
Jewell Ball'S Chicken,"Place chipped beef on bottom of baking dish.\n Place chicken on top of beef.\n Mix soup and cream together; pour over chicken. Bake, uncovered, at 275\u00b0 for 3 hours.",120,4
Creamy Corn,"In a slow cooker, combine all ingredients. Cover and cook on low for 4 hours or until heated through and cheese is melted. Stir well before serving. Yields 6 servings.",30,4
Chicken Funny,Boil and debone chicken.\n Put bite size pieces in average size square casserole dish.\n Pour gravy and cream of mushroom soup over chicken; level.\n Make stuffing according to instructions on box (do not make too moist).\n Put stuffing on top of chicken and gravy; level.\n Sprinkle shredded cheese on top and bake at 350\u00b0 for approximately 20 minutes or until golden and bubbly.,25,2
Reeses Cups(Candy)  ,Combine first four ingredients and press in 13 x 9-inch ungreased pan.\n Melt chocolate chips and spread over mixture. Refrigerate for about 20 minutes and cut into pieces before chocolate gets hard.\n Keep in refrigerator.,30,3
Cheeseburger Potato Soup,"Wash potatoes; prick several times with a fork.\n Microwave them with a wet paper towel covering the potatoes on high for 6-8 minutes.\n The potatoes should be soft, ready to eat.\n Let them cool enough to handle.\n Cut in half lengthwise; scoop out pulp and reserve.\n Discard shells.\n Brown ground beef until done.\n Drain any grease from the meat.\n Set aside when done.\n Meat will be added later.\n Melt butter in a large kettle over low heat; add flour, stirring until smooth.\n Cook 1 minute, stirring constantly. Gradually add milk; cook over medium heat, stirring constantly, until thickened and bubbly.\n Stir in potato, ground beef, salt, pepper, 1 cup of cheese, 2 tablespoons of green onion and 1/2 cup of bacon.\n Cook until heated (do not boil).\n Stir in sour cream if desired; cook until heated (do not boil).\n Sprinkle with remaining cheese, bacon and green onions.",75,3
Rhubarb Coffee Cake,"Cream sugar and butter.\n Add egg and beat well.\n To creamed butter, sugar and egg, add alternately buttermilk with mixture of flour, salt and soda.\n Mix well.\n Add rhubarb and vanilla.\n Pour into greased 9 x 13-inch pan and add Topping.",30,1
Scalloped Corn,"Mix together both cans of corn, crackers, egg, 2 teaspoons of melted butter and pepper and place in a buttered baking dish.\n Dot with remaining 4 teaspoons of butter.\n Bake at 350\u00b0 for 1 hour.",75,2
Nolan'S Pepper Steak,"Roll steak strips in flour.\n Brown in skillet.\n Salt and pepper.\n Combine tomato liquid, water, onions and browned steak. Cover and simmer for one and a quarter hours.\n Uncover and stir in Worcestershire sauce.\n Add tomatoes, green peppers and simmer for 5 minutes.\n Serve over hot cooked rice.",75,4
Millionaire Pie,"Empty Cool Whip into a bowl.\n Drain juice from pineapple.\n Mix Cool Whip and pineapple.\n Add condensed milk.\n Squeeze lemons, remove seeds and add to Cool Whip and pineapple.\n Chop nuts into small pieces and add to mixture.\n Stir all ingredients together and mix well.\n Pour into a graham cracker crust.\n Use top from crust to cover top of pie.\n Chill overnight.\n Makes 2 pies.",100,5
Double Cherry Delight,"Drain cherries, measuring syrup.\n Cut cherries in half.\n Add ginger ale and enough water to syrup to make 1 1/2 cups.\n Dissolve gelatin in boiling water.\n Add measured liquid and almond extract. Chill until very thick.\n Fold in marshmallows and the cherries. Spoon into 6-cup mold.\n Chill until firm, at least 4 hours or overnight.\n Unmold.\n Makes about 5 1/3 cups.",75,4
Buckeye Candy,"Mix sugar, butter and peanut butter.\n Roll into balls and place on cookie sheet.\n Set in freezer for at least 30 minutes. Melt chocolate chips and paraffin in double boiler.\n Using a toothpick, dip balls 3/4 of way into chocolate chip and paraffin mixture to make them look like buckeyes.",120,2
Quick Barbecue Wings,Clean wings.\n Flour and fry until done.\n Place fried chicken wings in microwave bowl.\n Stir in barbecue sauce.\n Microwave on High (stir once) for 4 minutes.,75,4
Taco Salad Chip Dip,"Mix taco sauce, sour cream and cream cheese.\n Spread on pizza pan.\n Brown meat.\n Drain off fat and add taco seasoning.\n Spread over cream mixture.\n Layer with raw vegetables.\n Top with cheese. Serve with chips.",120,5
Pink Stuff(Frozen Dessert)  ,Mix all ingredients together.\n Pour into a 9 x 13-inch pan. Freeze until firm.\n Allow to set out approximately 15 minutes before serving.,75,3
Fresh Strawberry Pie,"Mix water, cornstarch, sugar and salt in saucepan.\n Stir constantly and boil until thick and clear.\n Remove from heat and stir in jello.\n Set aside to cool.\n But don't allow it to set. Layer strawberries in baked crust.\n Pour cooled glaze over. Continue layering berries and glaze.\n Refrigerate.\n Serve with whipped cream.",120,4
Easy German Chocolate Cake,Mix according to directions and add oil.\n Bake in 9 x 13-inch pan.,30,3
Broccoli Salad,"Trim off large leaves of broccoli and remove the tough ends of lower stalks. Wash the broccoli thoroughly. Cut the florets and stems into bite-size pieces. Place in a large bowl. Add bacon, onions and raisins. Combine remaining ingredients, stirring well. Add dressing to broccoli mixture and toss gently. Cover and refrigerate 2 to 3 hours. Makes about 6 servings.",120,2
Strawberry Whatever,"Mix Jell-O in boiling water.\n Add strawberries, pineapple, crushed bananas and nuts.\n Spread 1/2 mixture in 13 x 6 1/2-inch pan.\n Allow to gel in freezer 30 minutes.\n Add layer of sour cream, then remaining mixture on top.\n Gel and serve.",120,1
Eggless Milkless Applesauce Cake,"Mix Crisco with applesauce, nuts and raisins.\n Sift dry ingredients and add.\n Mix well.\n Put in a greased and floured loaf pan or tube pan.\n Bake in loaf pan at 350\u00b0 to 375\u00b0 for 45 to 60 minutes, layer pan at 375\u00b0 for 20 minutes or tube pan at 325\u00b0 for 1 hour.",50,1
"Grandma Hanrath'S Banana Breadfort Collins, Colorado  ","Cream sugar and shortening.\n Add eggs, salt and soda, then bananas and flour.\n Add nuts.\n Mix well.\n Bake in loaf pan at 350\u00b0 for 1 hour.",150,3
Chocolate Frango Mints,Mix ingredients together for 5 minutes.\n Scrape bowl often. Last fold in chocolate chip mints.\n Bake at 350\u00b0 for 35 to 40 minutes or until done (cake mix directions).,30,1
Cuddy Farms Marinated Turkey,"Buy whole turkey breast; remove all skin and bones. Cut into pieces about the size of your hand. Pour marinade over turkey and refrigerate for at least 8 hours (up to 48 hours). The longer it marinates, the less cooking time it takes.",75,5
Spaghetti Sauce To Can,Cook ground or chopped peppers and onions in oil for 1/2 hour. Cook tomatoes and garlic as for juice.\n Put through the mill.\n (I use a food processor and do my tomatoes uncooked.\n I then add the garlic right to the juice.)\n Add peppers and onions to juice and remainder of ingredients.\n Cook approximately 1 hour.\n Put in jars and seal.\n Yields 7 quarts.,45,5
Prize-Winning Meat Loaf,Mix well.\n Press firmly into an 8 1/2 x 4 1/2 x 2 1/2-inch loaf pan.\n Bake in preheated moderate oven.\n Bake at 350\u00b0 for 1 hour.\n Let stand 5 minutes before slicing.\n Makes 8 servings.,120,2
Smothered Round Steak(Servings: 4)  ,"Alex Patout says, \Smothering is a multipurpose Cajun technique that works wonders with everything from game to snap beans.\n It's similar to what the rest of the world knows as braising.\n The ingredients are briefly browned or sauteed, then cooked with a little liquid over a low heat for a long time.\",75,3
Corral Barbecued Beef Steak Strips,"Brown strips in cooking oil.\n Pour off drippings.\n Combine tomato sauce, water, brown sugar, mustard and Worcestershire sauce.\n Add sauce and onion to meat slices.\n Cover and cook slowly, stirring occasionally 30 minutes or until meat is tender. Serve over rice or buttered noodles.\n Yields 6 to 8 servings.",50,4
Easy Fudge,"Butter a square pan, 8 x 8 x 2-inches.\n Heat milk, chocolate chips and unsweetened chocolate over low heat, stirring constantly, until chocolate is melted and mixture is smooth. Remove from heat.\n Stir in nuts and vanilla.\n Spread in pan.",120,1
Taco-Filled Green Pepper,"In a large skillet, brown the ground beef. Drain, stir in taco mix, kidney beans, and salsa. Bring to a boil. Reduce heat, and let simmer for about 5 minutes. Cut peppers in half and clean it. Put peppers in boiling water for 3 minutes- drain- spoon the meat mixture into the green pepper. Put pepper in an ungreased pan. Cover, and bake at 350 degrees for 15 to 20 minutes or until peppers are crispy and filling is heated through. Top with tomatoes, cheese, and sour cream.",150,2
One Hour Rolls,"Put flour into a large mixing bowl.\n Combine sugar, milk, salt and oil in a saucepan and heat to boiling; remove from heat and let cool to lukewarm.\n Add yeast and mix well.\n Pour into flour and stir.\n Batter will be sticky.\n Roll out batter on a floured board and cut with biscuit cutter.\n Lightly brush tops with melted oleo and fold over.\n Place rolls on a cookie sheet, put in a warm place and let rise for 1 hour.\n Bake at 350\u00b0 for about 20 minutes. Yield: 2 1/2 dozen.",50,4
Punch Bowl Fruit Salad,"In a 6-quart punch bowl mix all of the cans of fruit, juice and all.\n Clean and slice berries.\n Wash and slice apples; leave peeling on apples.\n Dice apples.\n Slice bananas.\n Wash and cut grapes in half.\n Mix all together.\n Nuts or other fruit may be added.",75,5
Summer Chicken,Double recipe for more chicken.,45,4
Cherry Pizza,Grease a 9 x 12-inch cake pan.\n Spread cherry pie mix.\n Sift cake mix and spread it dry over the cherries.\n Top with ground nuts.\n Melt butter and pour over top.\n Bake 45 minutes in a 350\u00b0 oven.,45,1
Potato And Cheese Pie,"Beat eggs, salt and pepper until well blended.\n Stir in half and half, potatoes and onions.\n Pour into well-greased 8-inch baking dish.\n Bake in a 400\u00b0 oven for 35 to 40 minutes, or until knife inserted in center comes out clean and potatoes are tender. Cool on rack 5 minutes; cut into squares.\n Makes 4 large servings.",100,1
Tuna Macaroni Casserole,"Prepare macaroni and cheese as directed.\n Add drained tuna, pimento and onion.\n Mix.\n Serve hot or cold.",120,4
Artichoke Dip,"Drain artichokes and chop.\n Mix with mayonnaise and Parmesan cheese.\n After well mixed, bake, uncovered, for 20 to 30 minutes at 350\u00b0.\n Serve with crackers.",30,2
Broccoli Dip For Crackers,"Mix together sour cream, soup mix, broccoli and half of cheese.\n Sprinkle remaining cheese on top.\n Bake at 350\u00b0 for 30 minutes, uncovered.\n Serve hot with vegetable crackers.",100,3
Summer Spaghetti,"Prepare spaghetti per package.\n Drain.\n Melt a little butter through it.\n Marinate overnight in Salad Supreme and Zesty Italian dressing.\n Just before serving, add cucumbers, tomatoes, green peppers, mushrooms, olives or whatever your taste may want.",30,1
Pear-Lime Salad,"Drain pears, reserving juice.\n Bring juice to a boil, stirring constantly.\n Remove from heat.\n Add gelatin, stirring until dissolved.\n Let cool slightly.\n Coarsely chop pear halves. Combine cream cheese and yogurt; beat at medium speed of electric mixer until smooth.\n Add gelatin and beat well.\n Stir in pears.\n Pour into an oiled 4-cup mold or Pyrex dish.\n Chill.",45,4
Watermelon Rind Pickles,"Trim off green and pink parts of watermelon rind; cut to 1-inch cubes.\n Parboil until tender, but not soft.\n Drain. Combine sugar, vinegar, oil of cloves and oil of cinnamon; bring to boiling and pour over rind.\n Let stand overnight.\n In the morning, drain off syrup.\n Heat and put over rind.\n The third morning, heat rind and syrup; seal in hot, sterilized jars.\n Makes 8 pints.\n (Oil of cinnamon and clove keeps rind clear and transparent.)",30,3
Chicken Stew,"Remove chicken from bone.\n Use the broth.\n Mix the vegetables and macaroni.\n Add sugar, salt and black pepper.\n Cook until all vegetables are tender over medium heat.",100,1
Quick Coffee Cake(6 Servings)  ,"Mix 3 tablespoons fat with granulated sugar.\n Add egg and beat until creamy.\n Mix flour, baking powder and salt thoroughly.\n Add to sugar mixture alternately with milk.\n Add vanilla. Spread batter evenly in a greased 8-inch square baking pan.\n Mix brown sugar and cinnamon and sprinkle over batter.\n Dot with 2 tablespoons fat.\n Bake at 350\u00b0 (moderate oven) for 25 to 30 minutes.",150,1
Angel Biscuits,"Mix flour, sugar, baking powder, soda and salt together.\n Cut in margarine, dissolve yeast in warm water.\n Stir into buttermilk and add to dry mixture.\n Cover and chill.",50,3
Quick Peppermint Puffs,"Dip marshmallows in melted margarine; roll in candy. Wrap a crescent triangle around each marshmallow, completely covering the marshmallow and square edges of dough tightly to seal.\n Dip in margarine and place in a greased muffin tin.\n Bake at 375\u00b0 for 10 to 15 minutes; remove from pan.",25,1
Fruit Pizza,Mix ingredients and spread into 2 greased pizza pans.\n Bake at 350\u00b0 for 15-20 minutes.,150,3
Chocolate Mint Bars,"Mix together and bake in 9 x 13-inch pan at 350\u00b0 for 25 to 30 minutes.\n Top should spring back when touched lightly; do not overbake.\n Cool completely, then spread with mint layer.",150,1
Beer Bread,Stir the ingredients together and put in a greased and floured loaf pan.\n Bake at 425 degrees for 50 minutes.\n Drizzle melted butter on top.,75,3
Chicken Divan,Melt margarine in skillet; saute onions and celery.\n Remove from heat.\n Stir in flour and curry powder.\n Drain mushrooms and keep juice.\n Add water to juice to make 1/2 cup liquid.\n Stir liquid and soup into flour mixture; add mushrooms.\n Cook until thick.\n Arrange broccoli and cubed chicken in a large baking dish. Spoon sauce over chicken.\n Top with grated cheese.\n Bake in a 350\u00b0 oven for about 20 minutes or in microwave until cheese is melted.,120,2
Mexican Cookie Rings,"Sift flour, baking powder and salt together.\n Cream together butter and sugar.\n Add egg yolks and vanilla.\n Beat until light and fluffy.\n Mix in sifted dry ingredients.\n Shape into 1-inch balls.\n Push wooden spoon handle through center (twist).\n Shape into rings.\n Dip each cookie into candies.\n Place on lightly greased baking sheets.\n Bake in 375\u00b0 oven for 10 to 12 minutes or until golden brown.\n Cool on racks.\n Serves 2 dozen.",75,5
Vegetable-Burger Soup,"Lightly brown beef in soup pot.\n Drain off excess fat.\n Stir in tomatoes, tomato sauce, water, frozen vegetables, soup mix and sugar.\n Bring to a boil.\n Reduce heat and simmer for 20 minutes. Serve.",25,2
Chicken Ole,Dice chicken.\n Mix all ingredients together.\n Let sit overnight.\n Bake 1 1/2 hours at 375\u00b0.,50,5
Creamy Coleslaw(Better Homes And Gardens)  ,"In a large bowl, combine cabbage, carrot, green pepper and onion or can use package of slaw mix purchased from store.",120,2
Creole Flounder,"Heat oven to 500\u00b0.\n Place fillets in single layer in baking dish, 13 1/2 x 9 x 2-inch.\n Stir together remaining ingredients except pepper rings. Spoon over fillets.\n Bake 5 to 8 minutes or until fish flakes easily with fork.\n Remove fillets to warm platter. Garnish with green pepper rings. Makes 4 to 6 servings.",45,2
Three Bean Salad,"Mix together all of sugar, salad oil, vinegar and water until sugar is dissolved.\n Pour over beans and let stand overnight.",30,1
Dave'S Corn Casserole,"In a bowl, mix corns, sour cream, corn bread mix and melted margarine.\n Pour into a greased 8 x 8 x 2-inch pan.\n Bake at 350\u00b0 for 50 minutes.",25,2
Casserole Italiano,"Brown beef with onion and seasonings and combine in a 1 1/2-quart casserole with soup, water and noodles.\n Place cheese around edges.\n Bake at 350\u00b0 for 30 minutes.",120,4
Corned Beef And Cabbage Casserole,"Combine all ingredients and cook uncovered over low heat until cabbage is crisp-tender, about 20 minutes.",45,5
Crab Cakes,Mix together and carefully add 1 pound lump crab meat.\n Mix ahead of time and refrigerate so they will hold together better.,30,5
Taco Dip,Mix together cream cheese and mayonnaise.\n Spread on to a large platter or two dinner plates.\n Freeze for 15 minutes. Spread taco sauce evenly on top.\n Layer remaining ingredients in the written order.\n Serve with tortilla chips.,50,1
Bonbon Cookies,"Cream together the butter and peanut butter.\n Add the remaining ingredients.\n Mix and form into balls (best to mix with your hands) and chill several hours, even a day.",50,5
Forever Amber,"Mix together.\n Spread in a buttered pan.\n Bake for 30 minutes at 275\u00b0.\n While still hot, sift 1 box of powdered sugar into it. Drop by teaspoons on waxed paper.\n Let dry.\n If it seems set on bottom, turn over and let it continue to dry.",25,2
Gooey Coffee Cake,"Mix together cake mix, 2 eggs and melted oleo.\n Put in greased 9 x 13-inch pan.\n Put chopped nuts on top of mixture.\n Mix together 2 eggs, cream cheese and powdered sugar.\n Add on top of first mixture.\n Bake 15 minutes at 325\u00b0, then bake 20 minutes at 350\u00b0.",100,3
Phylis' Pineapple-Banana Salad,Drain pineapple and reserve juice.\n Cut bananas in chunks like pineapple.,150,5
Chicken Casserole,"Mix all ingredients together in baking dish.\n Cover and bake at 350\u00b0 for 2 1/2 hours.\n Bake the last 45 minutes, uncovered, to brown top of chicken.",150,1
Pineapple Nut Pie,"Cream the cream cheese; add the milk and beat smooth.\n Add lemon juice, pineapple and nuts.\n Beat well.\n Pour into graham cracker crust and chill.\n Slice in small servings (very rich) and top with dollop of Cool Whip.",150,4
Annie'S Diabetic Candy,"Mix all ingredients, form in small balls and roll in chopped peanuts.\n Keep refrigerated.",75,3
Frozen Peach Mousse,Puree peaches in a blender.\n Add remaining ingredients.\n Blend and pour in container and freeze.,50,4
Strawberry Pie,*Can also use blueberries or cherries.,50,1
Blueberry Surprise,"Mix ingredients and press 2/3 mixture in bottom of square baking dish.\n (A bowl that has the same diameter top and bottom may be used, 1 1/2 to 2-quart size.)",120,1
Moist Devil'S Food Cake,"Sift together the flour, soda and salt; set aside.\n Combine shortening and sugar in a bowl.\n Beat until creamy.\n Add egg yolks; beat well.\n Combine cocoa, water and vanilla to make 1 cup; mix well.\n Add to batter.\n Add flour mixture alternately with milk.\n Beat well after each addition; set aside.\n Beat egg whites until stiff peaks form when beater is lifted.\n Fold into batter. Bake in two 9-inch greased cake pans at 375\u00b0 for 30 minutes.",100,1
Dot'S Civil War Cake,"Combine and cook first 6 ingredients.\n Bring to boil and boil 5 minutes; cool.\n Add sifted, dry ingredients to apple mixture. Stir and blend only.\n Add nuts.\n Pour into greased and floured tube pan.\n Bake 1 hour at 350\u00b0.\n Serves 16.",30,2
Potato Casserole,"Peel and dice potatoes; place in bowl of cold, salted water. Drain potatoes and dry on paper towels.\n Mix 1/2 cup butter, onions, soup, sour cream and cheese; stir well.\n Add potatoes to mixture and pour into a 2 1/2-quart casserole dish.\n Crush cornflakes, mix with remaining butter.\n Sprinkle cornflakes and butter on top of potato mixture.\n Bake at 350\u00b0 for 50 minutes.",45,3
Dream Pie,Mix vanilla wafer crumbs with butter.,100,1
Divinity Fudge,"Stir well together the sugar, syrup and water.\n Allow to boil without stirring until it forms a hard ball in cold water.\n Pour this over stiffly beaten egg whites, beating constantly.\n Cool; add vanilla and nuts.\n Beat until cool and thick enough to set. Pour into a buttered platter or drop by teaspoons on waxed paper.",120,2
Apple Crisp,"Mix 1/2 cup of sugar and cinnamon.\n Spread on apples.\n Mix 1/4 cup sugar, flour, salt, cornflake crumbs and oleo.\n Spread mixture on apples.",150,1
Sausage Balls,Mix sausage and cheese together.\n Add Bisquick and mix thoroughly.\n Roll into medium size balls.\n Bake at 350\u00b0 for 15 minutes or until golden brown.,150,5
Consomme Chicken,Add enough liquid to chicken soup and consomme to make 4 cups of water.\n Season with salt and pepper.\n Cook at 350\u00b0 for 1 hour.,120,2
Spanish Hamburgers,"Brown celery, onions and ground beef in butter.\n Add vinegar, lemon juice, brown sugar, mustard, salt, pepper catsup and water. Simmer for 30 minutes.",30,2
Egg Drop Soup,"In saucepan slowly stir the chicken broth into cornstarch. Cook, stirring constantly, until slightly thickened.\n Slowly pour in the well beaten egg; stir once gently.\n Remove from heat. Garnish with sliced green onion.\n Makes 4 servings.",50,1
Mulled Cider,"Simmer all of the ingredients.\n Strain into warmed mugs and top\n with\n a\n dash of nutmeg.\n This recipe can be doubled many times, according to the number of guests present.",25,4
Sesame Ginger Chicken,"Combine first 4 ingredients in a small bowl, stir well and set aside.\n Place chicken between 2 sheets of waxed paper or heavy duty plastic wrap, and flatten to 1/4-inch thickness, using meat mallet or rolling pin.\n Coat grill rack with cooking spray; place on grill over coals.\n Place chicken on rack and cook 4 minutes on each side, basting frequently with soy sauce mixture.\n Transfer chicken to a serving platter and garnish with green onion, if desired.\n Yields 4 servings, about 200 calories.",45,2
Egg Casserole,"Saute together first 5\tingredients.\n In a separate 9 x 12-inch pan, mix bread, eggs\n and\n milk.\n Put\n pieces of bread into\n pan; add your\n vegetables,\n then\n your\n eggs.\n Place\tin refrigerator overnight (at least 8 hours).\tAdd Cheddar cheese before cooking.\n Bake at 350\u00b0 for 1 hour.",25,4
Cranberry-Apple-Orange Salad,"In food processor or blender, grind cranberries, apple and orange.\n Mix with sugar and set aside.\n Prepare gelatin according to package directions, using 1/4 cup less of cold water.\n Chill until it begins to thicken.\n Add cranberry mixture and nuts.\n Mix well.\n Pour into a mold, if desired, or leave in a bowl and stir before serving.\n Chill until set.\n Can even be made a day ahead. Keeps well in refrigerator for a few days.",100,1
Brown Rice,Put in a covered 1 1/2-quart dish.\n Bake 1 hour at 350\u00b0.,150,4
Cranberry Salad,"Mix cream cheese, margarine and sugar.\n Add fruit and walnuts. Whip cream and fold into fruit and cream cheese mixture.\n Pour into round mold.\n Freeze 6 hours.\n Remove from mold shortly before serving.\n Makes 12 servings.",30,4
Cheese Dip,Dice tomatoes and peppers.\n Combine all ingredients in top of double boiler for 30 minutes.\n Serve hot over corn chips.,25,3
Funnel Cake,"Sift first 5 ingredients together in a bowl.\n Mix egg and milk together; add to dry ingredients.\n Beat until smooth.\n Hold finger over bottom of a funnel; pour in some batter.\n Remove finger to let batter drop.\n Drop batter in a spiral motion into pan filled with 1 inch of hot oil (375\u00b0).\n Fry until golden brown, turning once.\n Remove from pan; drain on a paper towel.\n Sprinkle with powdered sugar and serve hot.",45,5
Fast Real Good Fudge,"In large bowl, put confectioners sugar, cocoa and chopped nuts.\n In saucepan, put margarine and Velveeta.\n Melt and add vanilla.\n Pour hot mixture over sugar mixture.\n Mix quickly and pour into buttered cookie sheet.\n Cool and cut into squares.",150,4
Squash Casserole,"Cook squash, onions and carrots until tender.\n Mash.\n Melt butter in pan; stir in stuffing until all is coated.\n Drain all water from squash.\n Stir in sour cream and soup.\n Place in a greased baking dish a layer of squash and a layer of stuffing. Bake at 350\u00b0 for 35 minutes.",75,3
Cheese Ball,Combine softened cream and Cheddar cheeses.\n Add chopped up items.\n Mix and add liquids last.\n Mix well.\n Roll into ball and cover with chopped nuts.,100,4
*Apricot Salad,"Dissolve jello in boiling water; add sugar.\n Blend in the cream cheese with a fork.\n Add can of crushed pineapple and apricot baby food.\n Refrigerate.\n Chill can of milk.\n When jello starts to set, take milk out of the refrigerator and beat until stiff.\n Fold partially set jello into cream.\n Chopped nuts can be used for garnish.\n This is a large salad; could fill a 2-quart mold or 2 (1-quart) molds.\n Serves about 12.",100,5
Pound Cake,Have all ingredients at room temperature. Hand stir all dry ingredients together. Add eggs and stir. Add butter and Crisco and stir. Add milk and stir. Put batter in\n mixer and beat at high speed until well blended. Add 1 to 2 teaspoons of your favorite flavoring and mix well. Pour batter into greased and floured tube pan. Place in cold oven. Bake at 325\u00b0 for 1 hour and 20 to 30 minutes.,25,2
Monkey Bread,"Use greased 9 x 13-inch pan or Bundt pan.\n Melt butter; add brown sugar, pudding, milk and cinnamon.\n Break up 1 loaf into round balls; place in pan.\n Pour mixture over and break second loaf over this.\n Rise 2 1/2 to 3 hours.\n Bake 30 minutes at 350\u00b0; turn out immediately to cool.",30,1
Chicken Roll-Ups,Unroll crescent rolls; add cooked chicken and grated cheese. Wrap roll over chicken and cheese; pinch sides together.,25,2
Beef And Spanish Rice Casserole,"Spray a 1-quart casserole dish with Pam.\n Layer rice and meat, diced onion and grated cheese.\n Bake at 350\u00b0 for 25 to 30 minutes.",50,4
Baked Beans,"Cook onions and bell pepper in oil until onions are transparent.\n Add beef and cook until brown.\n Mix all ingredients together.\n Bake in 350\u00b0 oven for 45 minutes, or after mixing together, pour in crock-pot and cook 6 to 10 hours on low.",75,4
Sweet-N-Sour Chicken,"Saute onion in 2 tablespoons shortening.\n Add carrots, water and bouillon cubes.\n Simmer 5 minutes.\n Combine next 6 ingredients.\n Add to vegetable mixture and cook until clear.\n Add pepper, pineapple and chicken.\n Cover and simmer 5 minutes or until heated through.\n Serve with rice or angel hair noodles. Serves 6 people.",45,2
Ambrosia,Combine all ingredients. Chill overnight.\n Yields 4 to 6 servings.,45,1
Crazy Peanut Butter Cookies,"Mix together and roll into balls; flatten with fork.\n Bake on ungreased cookie sheet.\n Makes 2 dozen.\n Quick, easy and good.",120,4
Brickle Bars,"Mix together with a fork:\n cake mix, 1 egg and margarine. Press into a 13 x 9-inch pan.\n Next mix Eagle Brand milk, 1 egg, pecans and Bits 'O Brickle.\n Pour over cake mixture.\n Bake 30 minutes at 350\u00b0.\n Let cool and cut into bars.",150,5
Pancakes,"Mix dry ingredients.\n Add egg, margarine and buttermilk. Stir by hand until well blended.\n Pour onto non-stick pan or griddle with a little oil added.\n Cook until bubbly and turn over.",120,3
Crustless Vegetable Ham Pie,"Preheat oven to 325\u00b0.\n In large frying pan, melt butter and saute mushrooms, garlic, onion and zucchini until tender, approximately 2 minutes.\n Add ham and cook 1 more minute; set aside.",50,2
Red Cabbage And Apples,"In a saucepan filled with lightly salted boiling water, cook red cabbage for 5 minutes; then drain.",45,2
German Potato Salad,"Peel and cut potatoes in thin slices.\n Fry bacon until crisp. Remove bacon from grease and reserve 1/2 cup drippings to make dressing.\n Blend sugar, flour, salt and pepper.\n Stir into bacon drippings to make smooth paste.\n Add vinegar and water.\n Boil 2 to 3 minutes.\n Combine sauce, potatoes and onions in skillet.\n Turn skillet off.\n Cover with a towel (not a lid) and let stand at room temperature 3 or 4 hours.\n Sprinkle with bacon.",45,3
Jan'S Winter Soup,Saute onions and garlic in butter until onions are tender. Add meat and brown. Drain well. Add the rest of the ingredients and simmer at least one hour.,50,5
Microwave Spice Tea,"Mix all ingredients together and store in airtight container. When ready to serve, heat 1 cup water in microwave until boiling. Add 3 heaping teaspoons.\n Mix to water and stir well.\n Great for winter cold and to get the chill out.",30,4
Barbecue Noodle Cheese Bake,"Cook hamburg and crumble.\n Add Manwich.\n Spray Pam in baking dish.\n Layer 1/2 of noodles, then 1/2 hamburg mixture on noodles. Put enough cheese slices on to cover meat.\n Layer all again.\n Bake for 1/2 hour at 350\u00b0.",150,2
Cutout Cookie,Mix all ingredients.\n Chill for several hours.\n Cut out with cookie cutters.\n Bake at 350\u00b0 for 10 minutes.\n Frost if you want to. Makes approximately 4 dozen.,25,5
Don Juan'S Sangria,"Squeeze the juice of lime, orange and apple in a large pitcher; add 1/2 cup sugar and fruit pieces.\n Pour in the wine, brandy and Triple Sec and stir with a long handled spoon until well mixed.\n Taste.\n If you prefer the sangria sweeter, add up to 1/4 cup more sugar.",75,4
Ranch Beef And Beans,Combine all ingredients in large pot; simmer 30-45 minutes or until onion and bell peppers become soft.\n This recipe triples and freezes well.\n Serve with cornbread.,50,2
Crisp Oatmeal Cookies,"Mix oats, brown sugar and oil; let stand overnight or 8 hours. Preheat oven to 325\u00b0.\n Mix rest of ingredients into oat mixture. Drop by teaspoon onto greased baking sheet.\n Bake 15 minutes. Cool completely before removing from baking sheet.",30,2
Souper Tuna Crunch,"Reserve 1/2 cup Chinese noodles.\n In 1 1/2-quart casserole, combine remaining noodles, soup, water, tuna, cashews, celery, onion and peas.\n Bake at 350\u00b0 for 30 minutes or until hot.\n Stir; sprinkle reserved noodles around edge.\n Bake 5 minutes more. Serve with soy sauce.\n Makes about 4 1/2 cups.",75,5
Cheese-Ham Ball,Mix all ingredients.\n Form into a ball and roll in chopped pecans.\n Serve with assorted crackers.,120,3
Cheese Ball,Chop all and mix with hands.\n Form into ball and refrigerate for 1 to 2 days.\n Sprinkle with paprika and serve with Ritz crackers.,30,3
Pasta Chicken Salad(268 Calories Per Serving)  ,"Cook large shells according to package directions.\n Drain and cool (rinse with cold water to cool quickly, then drain well). Combine cooled large shells with remaining ingredients and toss lightly.\n Chill.\n Makes 8 servings.",100,4
Zucchini-Artichoke Continental,"In 2-quart microwave-safe casserole, microcook artichokes and water, covered, on 100% power (High) for 3 to 4 minutes or until thawed.\n Stir.\n Add next 3 ingredients.\n Cover.\n Cook on High for 9 to 11 minutes (low-wattage oven for 12 to 14 minutes) or just until tender; stir once.\n Drain well.\n Stir in garlic, 1/2 teaspoon salt and 1/4 teaspoon pepper.\n Dot with margarine or butter.\n Cover; cook on High for 1 minute.\n Stir in tomatoes; sprinkle with cheese.\n Let stand 2 minutes.\n Makes 6 servings.",120,3
Supreme Beef Casserole,"Melt shortening in a skillet.\n Add beef, breaking into pieces with a fork.\n Cook until brown.\n Drain off fat.\n Stir into meat the tomatoes and tomato sauce, adding salt, sugar and garlic. Simmer for 5 to 10 minutes.\n Meanwhile, cook the noodles.\n Drain well and with a fork blend in sour cream, cream cheese and onions.",150,3
Chicken Salad,Combine all ingredients; chill.,50,4
Chess Pie,Mix ingredients in order given.\n Bake at 300\u00b0 to 325\u00b0 for 30 minutes or until firm.,25,3
Cold Spaghetti Salad,"Cook noodles 1/2 done (do not rinse).\n Add all other ingredients; mix well.\n Marinate at least 3 hours.\n The longer it sits, the better it gets!!",120,3
Cucumber Salad With Dill,"Combine all ingredients, except dill, making sure juices are mixed well.\n Garnish with dill.\n Chill.",120,2
Chicken Spaghetti,"Cook spaghetti and drain.\n Mix all other ingredients together.\n Add to spaghetti, place in a 13x9 casserole dish.\n Cook for 30 minutes at 350 degrees.",75,3
Cheese Ball,Mix all ingredients except chipped beef and parsley.\n Chill for 1 hour.\n Shape in ball.\n Roll in chipped beef and parsley until well coated.\n Keep in refrigerator.\n Serve with cracker (any kind).,100,4
Pistachio Salad,Mix together all ingredients and refrigerate.\n Serve on lettuce leaf.\n Use 9 x 13-inch pan.,100,2
Good Sweet Muffins,"Heat oven to 400\u00b0.\n Beat egg with fork.\n Add remaining ingredients except blueberries and stir until flour is moistened. Batter should be lumpy.\n Add blueberries, if desired.\n Fill muffin cups 2/3 full.\n Bake 20 to 25 minutes.\n Serve warm.",120,3
Vanilla Creme Dessert,Mix flour and melted margarine.\n Pat mixture in 9 x 13-inch baking pan.\n Bake at 375\u00b0 for 10 minutes.\n Let cool.,25,4
St. Joseph'S Zeppole,"Combine water, butter, sugar and salt in saucepan and bring to a boil.\n Add flour all at once, then beat with a wooden spoon for 1 minute or until mixture leaves sides of pan and forms a ball. Cool mixture.\n Add eggs one at a time, beating after each egg, until mixture has satin-like sheen.\n Use pastry bag with large star tip and fill with mixture.\n Make doughnut shape with pastry bag on greased cookie sheet.\n Bake in 400\u00b0 oven for 20 minutes or until puffed and well browned.\n Cool.\n Slice each zeppole in half and fill with the following filling.",45,4
"Corn ""Oysters""",Mix and let stand several hours or overnight.\n Drop by teaspoon in hot vegetable oil and fry until brown on both sides.,45,4
Bright Party Beans,"Fry ground beef and dry onions.\n Add salt and pepper and chili powder.\n When browned, combine in large pan or roasting pan.\n Add all ingredients including juices.\n This will look like it's watery.\n Bake at 270\u00b0 to 300\u00b0 for 4 hours.\n Do not stir during that time.",25,2
Apricot Dessert,"Mix cornstarch and sugar.\n Add nectar and cook, bringing to a boil.\n Stir constantly and cook until thickened.\n Cool slightly.",75,4
Honey Almond Squares,Bake cake as directed on package in 13 x 9-inch pan. Cool. Whip cream cheese until smooth. Add honey. Spread mixture over cake. Sprinkle with almonds. Store in refrigerator.,30,4
Chicken Casserole,Mix all together; pour into a 7 x 12-inch casserole.\n Sprinkle with pepper and paprika.\n Bake approximately 1 hour and 15 minutes at 350\u00b0.,100,1
Artichoke Dip,"Mix all ingredients. Pour into a 9 x 13-inch pan. Bake in preheated 350\u00b0 oven, uncovered, for 30 minutes. Serve hot with crackers.",25,5
French Onion Soup,"Heat butter in heavy kettle.\n Add sliced onions; brown well, stirring constantly.\n Add beef and chicken stock, the Worcestershire sauce, bay leaf, garlic salt and pepper.\n Allow to simmer for 40 minutes.\n Remove the bay leaf; add salt.\n Prepare with a slice of toasted French bread (1/2-inch thick).\n Add a thick slice of Swiss cheese (1/4-inch thick), overlapping the bowl.\n Put under the broiler until cheese is melted and bubbly.",100,5
Apple Pie,Put in unbaked pie shell.\n Top apples with 2 tablespoons margarine with crust.\n Brush milk on top of crust and sprinkle with sugar.\n Bake on bottom shelf at 400\u00b0 for 45 minutes.,150,3
Sloppy Joes,Brown and drain hamburger.\n Add the remaining ingredients and simmer for 20 minutes.,30,1
7-Up Cake,"Mix sugar and butter thoroughly, then add egg, flour, egg, flour, etc. until all eggs and flour are mixed thoroughly, either with hand mixer or electric beater/mixer.\n Then add lemon flavor and your 7-Up (the 7-Up will make the cake rise); add yellow food coloring which is optional.\n Bake at 325\u00b0 to 350\u00b0 for 45 minutes to 1 hour, depending on oven.\n Insert toothpick after 45 minutes. Cook in Bundt pan. Let cool 25 minutes.\n Cake is done.",120,3
Corned Beef Dip,Mix ingredients together until they are completely blended.,30,4
Chocolate Pie,Mix dry ingredients; add milk.\n Beat in egg yolks.\n Pour on 1 cup boiling water.\n Mix and cook until thick.\n Cool.\n Pour in baked pie shell.\n Cover with meringue and brown in oven.,25,3
Tater Tot Casserole,"Spread Tater Tots in large cake pan, 9 x 13-inch. Brown meat and onions; drain well.\n Pour meat mixture over Tater Tots. Mix all 3 soups in a bowl.\n Pour over meat and Tater Tots. Sprinkle grated cheese to cover soup.\n Bake at 325\u00b0 for 1 hour.\n As you brown meat and onions, salt and pepper well.",45,5
Blackberry Pie,"Combine sugar, cornstarch and water in a heavy saucepan; cook over medium heat, stirring constantly, until thickened.\n Remove from heat; add gelatin, stirring until dissolved.\n Gently stir in blackberries.\n Pour into pastry shell.\n Chill until firm.\n Serve with Cool Whip or ice cream.\n Easy and so tasty.",120,5
Caramel Pie,"Mix Cool Whip, softened cream cheese and Eagle Brand milk. Beat for 1 minute.\n Pour in pie crusts.\n Melt margarine and mix with coconut and almonds.\n Place on cookie sheet and cook for 10 minutes at 350\u00b0.\n Watch closely and stir often.\n (I like mine toasty.)\n Pour coconut, almond mixture over top of pies.\n Pour caramel topping over the 3 pies.\n Freeze.",45,3
Dill Dip,"Mix all ingredients together.\n Let sit in refrigerator several hours before serving.\n Serve with raw cauliflower, broccoli, carrots, celery, mushrooms and cherry tomatoes.",100,5
Broccoli Cornbread,"Fry onion in oil.\n Set aside.\n Cook broccoli as directed. Drain and set aside.\n Melt oleo.\n Grease 8 x 8-inch pan.\n Mix cornbread mix and eggs.\n Add cottage cheese, broccoli, onions and melted oleo margarine.\n Stir well.\n Pour into pan and bake at 450\u00b0 for 20 to 25 minutes.",45,4
Vegetable Soup,"Slice the vegetables.\n Cook in small amount of water until tender.\n Add the cooked macaroni, green beans and peas.\n Add bay leaf and Italian seasoning.\n Cook beef or turkey until it changes color.\n Add to vegetables.\n Pour in tomato juice.\n Bring to boil. Reduce to simmer.\n If soup is too thick, add more tomato juice.",45,1
Chocolate Peanut Butter Cake,"In saucepan, melt oleo; add cocoa.\n Combine remaining ingredients and add oleo-cocoa mixture.\n Bake in 9 x 13-inch pan for 30 minutes at 350\u00b0.\n While still hot, punch holes in cake. Spread on cake, 1/2 cup peanut butter mixed with 1 1/2 tsp. oil.",75,3
Magic Cookie Bars,"Preheat oven to 350\u00b0 (325\u00b0 for glass dish).\n In 13 x 9-inch pan, melt butter in oven.\n Sprinkle with crumbs.\n Top with Eagle Brand milk evenly.\n Top with remaining ingredients.\n Press down. Bake 25 to 30 minutes until lightly brown.\n Cool or chill.\n Cut into bars; store, loosely covered, at room temperature.",25,3
Pecan Pralines,"Combine sugars and evaporated milk in heavy saucepan. Cook over medium heat. Stir in butter, pecans and coconut. Cook until candy reaches soft ball stage. (Mixture will form a soft ball when dropped in a cup of cold water.)\n Cool 2 minutes. Beat until thick, but glossy.\n Drop by tablespoon onto wax paper. Cool thoroughly.",120,4
"Chocolate ""Stuff""","Make pudding as directed on package, then add vanilla wafers. Smooth on Cool Whip and sprinkle with pecans.",100,1
Easy Chocolate Frosting,"Bring sugar, butter and milk to a boil and boil 1 minute. Remove from stove and add chocolate chips and vanilla and beat. (Might need about 1/2 cup powdered sugar.)",100,3
No Bake Pumpkin Pie,"Combine gelatine, spices, condensed milk and eggs on low heat until gelatine dissolves (10 minutes). Remove from heat. Stir in pumpkin.\n Pour in baked pie shells, then chill 3 hours. Garnish with Cool Whip and chopped pecans.",100,1
Baked French Toast,Mix all well in medium bowl and cut one 16 ounce loaf of Italian bread into 1-inch slices. Dip bread into mixture and put into large glass baking dish. Pour any remaining mixture over bread. Refrigerate overnight.,75,1
Puppy Chow,"Pour cereal into a very large bowl.\n In a 1-quart bowl, combine chips, peanut butter and margarine; microwave on High for 1 to 1 1/2 minutes until smooth.\n (Stir after 1 minute.)\n Pour chocolate mixture over cereal, stirring all pieces until all are coated.\n Then little by little, add the powdered sugar.\n Stir well each time the powdered sugar is added.\n May not need entire box of powdered sugar.",150,2
Tamale Casserole,"Preheat oven to 350\u00b0.\n Peel wrappers off tamales and chop in large bowl.\n Drain hominy, olives and peppers.\n Add them to tamales.\n Mix well.\n Place in 9 x 13 x 3-inch baking dish.\n Spread out evenly.\n Sprinkle cheese over top and olives if desired.\n Bake 20 to 30 minutes.\n Serves 8.\n Serve with Spanish rice and corn chips.",45,2
Taco Dip,Layer the above ingredients in a 9 x 13 inch dish.\n Press down with spatula.\n Serve with Doritos.,30,2
Bonnie'S Bread,Can use dehydrated potato flakes.\n Add flour as desired. Dough should be soft and elastic.\n Bake as rolls or bread at 350\u00b0. Bread is done when it sounds hollow when tapped.,75,4
Chicken Pot Pie,Combine the first five ingredients and place in a 9 x 12-inch casserole dish.\n Mix next four ingredients and pour over top of chicken mixture.\n Do not stir.\n Bake at 425\u00b0 for 45 minutes to one hour until crust rises and browns.,45,2
Smoked Turkey Risotto,"In medium-size saucepan, bring the stock to a boil over medium heat.\n Lower the heat, add the artichoke hearts, cover and simmer for about 10 minutes or until tender.\n With a slotted spoon, transfer the artichoke hearts to a bowl and cover to keep warm.",50,3
Eggplant Spaghetti Sauce,"Heat oil in large pot.\n Add all the vegetables and the garlic. Saute over medium heat for 15 minutes stirring frequently.\n Add tomatoes and tomato sauce and all the seasonings.\n Bring to a boil and then reduce heat.\n Cover and simmer for 3 to 4 hours.\n During the last hour of cooking, add the wine.",45,5
Watergate Cake,"Combine box cake mix, oil, instant pudding, ginger ale, eggs, and pecans.\n Pour into a 13 x 9-inch pan that has been greased and floured.\n Bake at 350\u00b0 for 30 minutes. Cool and add topping when ready to serve. For topping the cake, mix cool whip, milk and pistachio instant pudding mix. Pour over cake and let set.",75,2
Plum Muffins,Mix all ingredients together.\n Drop into greased muffin tins. Bake at 325\u00b0 for 15 to 20 minutes or until done.,120,5
Cranberry Punch,Mix and put in punch bowl.\n Top with sherbert.,30,5
Sweet Potato Pie,"With mixer, cream potatoes, butter and sugar until smooth and creamy.\n Watch out for strings in potatoes.\n Add eggs, one at a time.\n Mix after each egg.\n Add seasoning, then milk.\n Pour into unbaked pie shell.\n Bake at 350\u00b0 for 45 minutes.",75,2
Butternut Pound Cake,"Cream sugar and Crisco well.\n Add eggs, one at a time.\n Beat well.\n Add flour and milk alternately on medium.\n Last, add flavors.\n Beat 2 minutes.\n Heat oven to 325\u00b0.\n Pour batter into greased and floured cake pan.\n Bake for 1 hour.",150,4
Morning Glory Muffins,"Combine first 5 ingredients in a large mixing bowl; stir in carrots and next 4 ingredients.\n Make a well in center of mixture. Combine vegetable oil and remaining ingredients.\n Add to flour mixture, stirring until moistened.\n Place paper baking cups in muffin pans.\n Spoon batter into paper cups, filling 2/3 full. Bake at 350\u00b0 for 25 minutes or until golden brown.\n Remove from pans immediately.\n Makes 22 muffins.",50,2
Chicken Breasts With Wild Rice,"Combine first 5 ingredients together.\n Pour into greased 9 x 13-inch microwave dish.\n Lay chicken breasts on top of rice mixture, with heavy side of breasts at corners of the dish.\n Brush with melted butter or margarine and sprinkle evenly with cornflake crumbs.",45,1
Creole Green Beans,"Saute green pepper and onion in hot bacon drippings until tender. Add flour, salt, sugar and paprika.\n Stir until blended. Add tomatoes and simmer for about 15 minutes.\n Stir in green peas; heat through and serve.",150,1
Banana Bread,"Mix eggs, bananas, butter and sugar in blender or food processor.\n Mix remaining ingredients.\n Add the two mixtures together.\n Pour in greased pan and bake at 350\u00b0 for 45 minutes.",25,5
Corned Beef Hash Swirls,"Make dough according to Bisquick directions on box.\n Roll out until about 1 inch thick.\n (Shape, as you roll out into an oblong shape.)\n Thinly spread with a knife, mustard on top of dough. Then, salt and pepper lightly or to taste.\n Spread corned beef hash on top of the mustard, salt and pepper.\n Then, lengthwise, roll up securely and pan freeze.\n When frozen, take out and with a sharp knife, cut roll into 3/4 to 1 inch slices.\n Bake in moderate oven at approximately 350\u00b0 for 15 or 20 minutes or freeze, individually and reheat frozen for a longer period of time.\n Whether you serve right away or serve after being frozen, pour on top either a cream cheese sauce or a sauce made of 1 can of cream of celery soup, adding a little water.\n A good lunch!!",100,5
Patio Potatoes,Mix all together and put in greased 9 x 13-inch casserole dish.\n Top with 2 cups corn flakes (crushed) and mixed with 1/2 cup melted margarine.\n Bake at 350\u00b0 for 45 minutes.,150,3
Sky High Biscuits,Combine dry ingredients.\n Cut in butter as you would for pie crust.\n Add milk and egg quickly and stir briefly.\n Knead for a few minutes.\n Roll to 1-inch thickness.\n Cut into biscuits.\n Bake at 450\u00b0 for 12 to 15 minutes on greased cookie sheets.,150,2
Lasagne,In a large skillet brown the hamburger.\n Drain the fat.\n Stir in the jar of spaghetti sauce.\n Heat until warm.\n In a 3 to 4-quart saucepan fill to about an inch below the rim with water. Bring to a boil and add noodles.\n Cook until soft.\n In a large baking pan (8 x 10-inch or bigger) cover the bottom with 4 noodles.\n Smother with Mozzarella (and Ricotta if you have it) and start your next layer of noodles.\n Bake in oven at 350\u00b0 until cheese is melted.,50,5
German Potato Salad,"Boil the potatoes until done.\n Peel and slice while still warm.\n Stir while pouring on the vinegar and hot grease.\n Garnish with the bacon and chopped parsley, if available.\n Sprinkle with sugar if too tart due to the vinegar.",120,2
Coconut Pie,"Mix flour, sugar and coconut in a bowl.\n Beat eggs and add milk, butter and flavoring. Then add dry ingredients.\n Pour into well greased pie plate and bake at 350\u00b0 for 45 minutes to 1 hour or until golden brown.\n This pie makes its own crust.",50,1
Bullets,Mix together ground beef with salt and pepper and enough flour to hold meat together.\n Roll into meat balls. Roll meat balls in more flour to coat. Drop meat balls into boiling water and cook. It will make its own gravy.\n Serve over rice or mashed potatoes. May add more seasoning to taste as these are very bland.,100,2
Mom'S Pancakes,"Sift flour with baking powder, salt and sugar into a medium bowl.\n With rotary beater, beat egg.\n Add milk and butter; beat until well mixed.\n Pour this into dry ingredients; beat only until combined.\n Batter will be lumpy.",45,5
Pecan Kisses,Beat egg white until stiff.\n Add sugar and vanilla; mix well. Dip 2 or 3 pecans at a time.\n Place on ungreased baking sheet. Bake at 250\u00b0 for 30 minutes.\n Leave in oven for 30 more minutes with the oven turned off.,25,4
Pizza Casserole,"Brown beef; stir to crumble.\n Drain.\n Put beef into 8-inch baking dish.\n Top with sauce, Mozzarella cheese and sliced mushrooms.\n Combine the biscuit mix, milk and eggs; beat until smooth, then evenly pour over casserole.\n Bake at 400\u00b0 for 30 to 35 minutes.",45,2
Chocolate Lover'S No-Bake Brownies,"Melt chocolate chips over hot (not boiling) water; stir until smooth.\n Add sweetened condensed milk, chocolate wafer crumbs and one-half cup of nuts; stir until well blended.\n Press into foil-lined 8-inch square pan.\n Press remaining 1/2 cup of nuts into top of brownies.\n Let stand at room temperature until firm. Cut into 2-inch squares.",75,1
Broccoli Casserole,Cook broccoli according to directions on package.\n Drain. Arrange in dish.\n Combine other ingredients and cover broccoli. Sprinkle with grated cheese or crushed Ritz crackers.\n Bake at 350\u00b0 for 40 minutes.,25,5
Fruit Bars,"Heat oven to 350\u00b0.\n Mix flour, sugar, baking powder, salt, almond extract and eggs.\n Stir in remaining ingredients.\n Spread dough in greased pan (13 x 9 x 2-inch).\n Bake until light brown, 30 to 35 minutes.",75,1
Chinese Hamburger,"Brown hamburger. Add onion and celery until transparent; drain. Add soups, water, rice, soy sauce and pepper. Transfer to a casserole dish. Bake at 350\u00b0 for 20 minutes. Top with chow mein noodles and cook for 10 minutes more.",50,3
Almond Roco,"Cook until hard ball stage in cold water.\n Add 1/2 cup chopped almonds and cook until it reaches cracked candy stage, 300\u00b0, on candy thermometer.\n Melt the 3 chocolate candy bars and pour on top and sprinkle chopped almonds.",120,4
Hungarian-Stuffed Peppers,"Prepare peppers (remove white sections).\n Mix ground beef, rice, egg and seasoning.\n Fill peppers; place in deep cooking vessel.\n Cover with V-8.\n Cook for 1 hour at 350\u00b0.",120,3
Lemon Pudding Pound Cake,"Beat eggs.\n Add cake mix, pudding, water and oil.\n Beat at medium speed for 10 minutes.\n Pour into an ungreased 10-inch tube pan with removable bottom.\n Bake at 350\u00b0 about 50 minutes.\n Cool slightly and remove from pan.",50,3
Peanut Butter Cup Cookies,"Cream butter, peanut butter, brown sugar and white sugar.\n Beat in egg and vanilla.\n Sift flour, baking soda and salt.\n Add flour mixture to creamed mixture.\n Shape into 1-inch balls.\n Spray miniature muffin pans with nonstick spray and place balls of dough in pans.\n Do not spread dough in cups.\n Bake at 350\u00b0 for 8 to 10 minutes or lightly browned.\n Remove from heat and immediately press peanut butter cup into each cookie until only top shows.\n Let cool in tins for 10 to 15 minutes.\n These freeze well.\n Makes about 4 dozen.",30,5
Egg Cheese Souffle,"In greased baking dish, place croutons and Velveeta.\n Mix eggs, milk, mustard, salt, onion powder and pepper.\n Pour on top of cheese.\n Place crumbled bacon on top.\n Bake at 325\u00b0 for 50 minutes.",75,2
Apple Bread,"Cream butter and sugar until fluffy.\n Beat in egg.\n Stir together flour, salt, baking soda, cinnamon, nutmeg, cloves, raisins and pecans.\n Add to sugar mixture alternately with applesauce.\n Pour into greased 9 x 5 x 3-inch loaf pan.\n Bake in 325\u00b0 oven for 1 hour or until knife inserted in center comes out clean.",75,3
Homemade Noodles,Stir together.\n Roll out as thin as you can on floured surface (use lots of flour).\n Roll up and slice whatever width you want. Gently toss to unroll.\n Drop in your favorite boiling broth. Gently boil about 8 minutes.\n These can be frozen by spreading noodles out on floured cookie sheet.\n Put in freezer until firm. Then store in freezer bags.,150,4
Chocolate Fudge,"Combine margarine, milk and sugar in Dutch oven.\n Place over medium\n heat\n until\n sugar\tis dissolved.\n Heat slowly to boiling. Cover and boil 5 minutes.\tTurn off heat if electric stove.\n If gas\n stove,\n turn\n warmer\n as low as possible.\n Add marshmallows. Stir\n until\n dissolved.\n Add each of chocolate, one at a\n time. Stir\n until\n melted.\n Add\n vanilla\tand nuts. Pour into 15 x 10 x 1-inch pan.\n Cut when firm.\n Makes about 5 pounds.",100,1
Fruit Cake,"Beat eggs; stir in sugar.\n Sift flour, baking powder and salt. Combine with chocolate chips, nuts and cherries.\n Fold in egg-sugar mixture.\n Pour into well-greased and floured loaf pans. Place pan of water on bottom rack of oven and loaf pans on top rack.\n Bake at 325\u00b0 for 1 to 1 1/2 hours.",75,2
Cranberry Scones,"Combine softened butter or margarine, confectioners sugar and orange peel in a small bowl; blend well.",100,3
Brownie Pie,"Place flour, cocoa and sugar in a large mixing bowl.\n Stir to mix well.\n Add eggs, margarine, salt and vanilla.\n Beat with a whisk for about 4 minutes.\n Stir in nuts.\n Pour into a greased 8-inch pie pan and bake in preheated 325\u00b0 oven until done, about 30 to 40 minutes.\n Pie will puff up and then settle down.\n Serve slightly warm with ice cream or whipped cream.\n Makes 8 servings.",25,3
Cream Puff Dessert,"Boil water and margarine.\n Then add flour.\n Let cook; then add eggs one at a time.\n Spread in a 9 x 13-inch pan, sprayed with Pam.\n Bake at 350\u00b0 for 35 minutes until brown.\n Cool.\n Mix instant pudding, milk and softened cream cheese.\n Spread on crust and top with Cool Whip.\n Drizzle with chocolate syrup.\n Chill 6 hours prior to serving.",45,5
Chantilly Low-Fat,Line strainer with a double layer of cheesecloth.\n Place yogurt in the center and let drain for 1 hour.\n Place mandarin juice in a small pan and bring to a boil.\n Reduce heat and simmer for about 20 minutes until a very thick syrup remains.\n There should be about 2 tablespoons of syrup.\n Reserve.\n Whip the cream in a bowl with an electric mixture until it holds soft peaks.\n Place the drained yogurt in a bowl and stir in the mandarin syrup.\n Gently fold in the whipping cream with a rubber spatula.\n Makes 1 cup.,25,3
Golf Balls,"Beat all ingredients together except peanut butter until mixture is very smooth, then add peanut butter and beat until smooth and well blended.\n Roll into balls and roll in sifted powdered sugar.\n Refrigerate.\n Makes about 100.",75,3
Crispy Herb Bread,"In a small bowl, combine oil and garlic powder. Brush over the bread. Mix together thyme, marjoram, paprika and grated cheese. Place bread halves on a baking sheet; sprinkle with cheese and herb mixture. Bake in 425\u00b0 oven for 7 to 9 minutes, until lightly browned. Cut each half into 5 slices.",45,5
Festive Fruit Salad,"Combine pineapple, oranges, grapes, strawberries and apples. Sprinkle with lemon juice.\n Add marshmallows and chill.",25,5
Fresh Strawberry Pie,"Cut up 1 cup strawberries.\n Add water.\n Cook for 2 minutes. Mix sugar and starch and add to fruit mixture.\n Cook until thick and clear.\n Add butter, lemon juice and salt; cool.\n Arrange berries in prepared pie crust.\n Top with cooked mixture.\n Chill at least 2 hours.\n Top with whipped cream and strawberry.",75,2
Egg Custard,Preheat oven to 400\u00b0.\n Bake empty pie shell 5 minutes.\n Remove from oven; set aside.,100,1
Chicken Giblet Gravy,Mix first 4 ingredients in saucepan and bring to boil.\n Reduce to low-medium heat and add flour-water mixture.\n Let simmer 5 to 10 minutes over low heat.,25,1
Beef Brisket,"Mix catsup, water, onion, vinegar, horseradish, mustard, salt and pepper.\n Place brisket, fat side up, in shallow dish.\n Cover and refrigerate several hours or overnight.\n Roast in a preheated oven at 300\u00b0 until tender (3 1/2 to 4 hours).\n Slice against the grain and serve with sauce.",120,1
Fruit Medley,"Allow tapioca, 1 cup water and sugar to stand 5 minutes, then cook until clear.\n Add 1 1/2 cups water, orange juice, oranges and peaches.\n Chill well, even overnight.\n Before serving, add strawberries and bananas.\n (Add fruit early enough to allow flavors to blend.)\n Top with lime sherbet in fruit or sauce dishes.\n Serves 8.",100,2
Nana'S Cornbread(For 9-Inch Iron Skillet Or 8 X 8-Inch Pan)  ,Stir 1/2 teaspoon baking soda into 1 cup buttermilk.\n Melt 1/4 cup bacon fat into pan you are using in the oven you are preheating.\n Mix ingredients.\n Bake at 425\u00b0 for 20 to 25 minutes or until golden brown.,25,4
Marinated Pork Roast,"Combine all ingredients except roast.\n Place roast in plastic bag and set in deep bowl.\n Pour in marinade and close bag tightly. Let stand 2 to 3 hours at room temperature or overnight in refrigerator.\n Occasionally press bag against meat to distribute marinade.\n Remove meat.\n Roast, uncovered, at 325\u00b0 for 3 hours. Baste with marinade the last hour.",50,2
Dad'S Chili,Fry pork in oil in saucepan over medium heat.\n Add minced garlic to pork.\n Dice green chilies and sprinkle with garlic salt. Drain meat.\n Add 3 cups of water.\n Add green chilies and diced tomatoes; add with garlic salt.\n Mix cornstarch to remaining cup of water.\n Then add to mixture.\n Salt to taste.\n Cook at medium heat.,120,5
Spoon Rolls,"Dissolve yeast in warm water.\n Mix with other ingredients.\n To bake, spoon batter into well-greased muffin tin about 2/3 full. Bake at 425\u00b0 for 20 minutes or until golden brown. Will keep in refrigerator for 2 weeks if sealed in Tupperware bowl.",75,1
Chicago Crunchy Chocolate Chip Cookies,"Sift flour, baking soda and salt onto wax paper.\n Preheat oven to moderate (350\u00b0).\n Beat butter, margarine, brown sugar, granulated sugar, egg, milk and vanilla in a bowl until well blended.",100,3
Salad Dressing,Place in blender until smooth.,45,1
Leroy'S Heavenly Hash,Mix in a large bowl.\n Refrigerate and serve cold.,120,3
Banana Cream Pie,"Whisk together the milk, cream and egg yolks.\n Combine the sugar and cornstarch in heavy saucepan.\n Whisk in the yolk mixture and cook over medium heat, stirring occasionally, for 5 minutes. Then stir the mixture constantly until it comes to a boil, about 7 minutes more.\n Boil, stirring, 1 minute.\n Remove the saucepan from heat and stir in the vanilla, butter and bananas.\n Pour into baked pie shell and smooth top.\n Finish with meringue or whipped cream topping.",25,5
Marinated Onions And Blue Cheese,"Mix olive oil, lemon juice, salt, pepper and sugar.\n Add Blue cheese and onions.",30,5
Cheese Cake,"Grease a spring-form pan (you can use a 13 x 9-inch pan) and pat mixture of graham cracker crumbs, butter, cinnamon and 1/4 cup sugar in bottom and a little up the sides of the pan.",45,4
Carrot Bread,Mix all ingredients in order.\n Bake in greased loaf pan for 1 hour at 350\u00b0.,50,5
Mistletoe Punch,"Combine all ingredients, except ginger ale and garnish, in a punch bowl.\n Just before serving, add some ice cubes and stir in the ginger ale.\n Put lemon slice and a cherry in each cup.\n Serves 30.",30,2
Mixed Vegetable Casserole,Mix first 5 ingredients.\n Pour into casserole and top with crackers mixed with margarine.\n Bake at 350\u00b0 for 30 minutes.,75,3
Cheeseburger Crescent Bake(1 Hour)  ,"Press crescent rolls in 13 x 9-inch pan, forming crust 1/2-inch up edge.\n Brown hamburger in skillet with onion.\n Drain grease.\n Remove from heat and stir in remaining ingredients. Spread over crescent rolls.\n Bake 20 to 25 minutes at 350\u00b0.\n Kids love this!",25,4
Do-Unkles Pumpkin Cake,Combine all ingredients together.\n Mix at medium speed for 3 minutes.\n Pour into a 9 x 13-inch pan.\n Bake at 325\u00b0 for 45 minutes.\n Frost with cream cheese frosting or your favorite.,150,3
Colonial Cheese Biscuits,"These pancakes are as big as a dinner plate and formerly even bigger (12-inches in diameter!).\n Nowadays you may find such big pancakes on the menu of a restaurant, but at home, we make them the dinner plate size.\n They are either eaten as a savory (with smoked sausage or bacon) or as a sweet (plain with molasses or golden syrup or with apples).\n Pancakes are best when made with yeast and they should be served piping hot.\n Use two skillets when available. Keep the pancakes hot on steam, or covered in the oven.\n Cold pancakes are awful!\n The following recipe is a luxury one, for special occasions, as many eggs are used in preparing (instead of yeast).",150,5
Simple Salsa Dip,Mix it all together and microwave until cheese melts.\n Goes good with tortilla chips.,100,4
Any Flavor Pan Dessert,Mix the first 4 ingredients and press into a 9 x 13-inch pan. Bake 8 to 10 minutes at 350\u00b0.\n Combine 1 cup whipped topping with cream cheese and powdered sugar.\n Spread on top of baked layer and chill.\n Mix pudding with milk and spread over second layer.\n Chill 15 minutes before spreading the remaining whipped topping over the pudding.\n Serves 16.,120,5
Mexican Casserole,"In 9 X 13 dish spree fritos or doritos to cover well.\n Brown and mix hamburger and onion.\n Add rotel, soups and milk.\n Pour over chips, cover with cheese and bake at 350 degrees until bubbly (25 to 30 minutes).",30,5
Apple Sour Cream Coffee Cake,"Combine flour, soda and salt. In another bowl, cream butter and 1 cup sugar until fluffy. Add eggs and vanilla; mix well. Blend in flour mix, alternating with sour cream. In another bowl, mix together apples, cinnamon, 1/2 cup sugar and nuts. Spread half the batter in a greased 9-inch tube or Bundt pan. Sprinkle half the cinnamon-apple mix over the batter. Spoon in the rest of the batter and sprinkle on the rest of the cinnamon-apple mix. Bake at 375\u00b0 for 40 to 50 minutes. Cool 10 minutes before removing from pan.",50,4
Snickerdoodles,"Preheat oven to 350\u00b0.\n Beat with an electric mixer, the sugar, margarine, shortening and eggs in a large mixing bowl.\n Put flour, cream of tartar, baking soda and salt into flour sifter and add to the sugar mixture.\n Stir until flour disappears.\n Shape dough by rounding teaspoonfuls into balls.\n Mix 2 teaspoons sugar and 2 teaspoons cinnamon; roll each ball in cinnamon sugar mixture. Place about 2 inches apart on cookie sheet.\n Bake until set, about 8 to 10 minutes.",25,5
Spaghetti Salad,"In a saucepan, cook spaghetti until tender.\n Drain and cool. In a large bowl, combine all ingredients and stir.",45,1
Spanish Meat Balls,"Mix well the first 9 ingredients; shape into small balls.\n Put into a large greased casserole.\n Heat soup, water and remaining chili powder; pour over meat balls.\n Bake, covered, at 375\u00b0 for 2 hours.\n Yields 6 servings.",75,3
Broccoli Cornbread,Combine cornbread mix and margarine in a large bowl and mix together.\n Add remaining ingredients; blend well.\n Pour into an ungreased 9 x 13 baking pan.\n Bake at 400\u00b0 for 20 to 25 minutes or until golden brown.,25,2
Fried Onion Rings,Cut onions into 1/2-inch slices; separate rings. Place in a bowl; cover with ice water and let soak for 30 minutes.,75,5
Mayonnaise Rolls,"Mix well, fill muffin pans 1/3 full.\n Bake at 400\u00b0 until brown.\n Makes about 6 rolls.",120,3
Cheeseburger Loaf,"Preheat oven to 350\u00b0.\n Combine all ingredients except cheese in bowl and mix thoroughly.\n Lightly grease a loaf pan.\n Put 1/3 of meat mixture in the bottom of pan and spread evenly.\n Put 1/2 cup cheese on top (keep cheese away from the edge of the pan to prevent burning or sticking).\n Repeat layers (1/3 meat, 1/2 cup cheese, 1/3 meat).\n Bake 1 hour.\n Let stand 10 to 15 minutes before removing to a platter to slice.\n Yield:\n 6 servings. Preparation time: 30 minutes.",50,1
One Bowl Chocolate Fudge(Microwave)  ,"Microwave chocolate and milk in 1 1/2-quart microwavable bowl on High 1 minute; stir well.\n Microwave 1 minute longer. Stir until chocolate is completely melted and smooth.\n Stir in vanilla, salt and walnuts.\n Spread into greased 9 x 5-inch loaf pan. Refrigerate 30 minutes or until firm.\n Cut into squares.",25,4
Ranch Style Baked Beans Casserole,Brown meat in margarine; stir in remaining ingredients.\n Pour into bean pot or 2-quart casserole (cool and freeze if desired.) Bake at 400\u00b0 for 30 minutes.\n Makes 10 to 12 servings.,50,4
Etta'S Hungarian Coffee Cake,"Mix sugar and shortening.\n Add flour and salt until it crumbles.\n Put aside 1/2 cup of this mixture for topping.\n Add egg to remainder.\n Add soda and baking powder to sour milk, then mix everything together.\n Sprinkle crumbs on top.\n (Optional: Sprinkle cinnamon and ground nuts on top.)\n Bake for 35 minutes in a 9-inch cake pan or pie plate.",50,1
Beer Biscuits,Dissolve sugar in beer and add to biscuit mix.\n Mix and bake in accordance with directions on biscuit mix container.,100,4
Baked Spaghetti,"In a large skillet, saute onion and green pepper in butter until tender.\n Add tomatoes, mushrooms, olives and oregano.\n Add ground beef if desired.\n Simmer uncovered for 10 minutes.\n Place half of the spaghetti in a greased 13 x 9 x 2-inch baking dish. Top with half of the vegetable mixture.\n Sprinkle with 1 cup Cheddar cheese.\n Repeat layers.",25,1
Easy Apple Dumplings,"Peel, cut apples into quarters.\n Roll out biscuits.\n Cut each in half.\n Put 1 quarter apple in each biscuit half.\n Fold dough over apple, place in a buttered sheet pan or large casserole dish. Mix next 5 ingredients; pour over dumplings, cut butter over top. Bake in a 350\u00b0 oven until apples are done.\n Take from oven, baste and continue baking until golden brown.\n May be served with Cool Whip.\n Yields 8 to 10 portions.",45,3
Twinkie Dessert,Line bottom of 13x9 pan with Twinkies.\n Mix jello with hot water and stir until dissolved. Add strawberries and pour over Twinkies.\n Let set for 30 minutes or more.\n Mix pudding as directed and pour over Twinkies and jello.\n Cover with Cool Whip and decorate with more strawberries if desired.,100,3
Gooey Butter Cake,"Preheat oven at 350\u00b0.\n Mix cake mix with 1 egg and butter, melted.\n Press into a 9 x 12 cake pan that has been greased and floured.\n Then mix 2 eggs, cream cheese, 1 box powdered sugar and vanilla together.\n Use a blender until all mixed, then pour over cake in pan and bake about 35 to 40 minutes at 350\u00b0 or until you can stick a toothpick in and it comes out clean.\n Cool, then cut into squares and eat.",45,4
Corn Pudding,"Mix flour, sugar, salt and pepper.\n Add to corn.\n Add melted butter. Add eggs.\n Add milk.\n Pour into greased casserole.\n Place in a pan of water. Bake at 325\u00b0 for 1 hour.\n Serves 6.",30,1
Honey Cake,"Preheat oven to 325\u00b0.\n Grease and flour a 9 x 13-inch cake pan.\n In a large mixing bowl, beat eggs and honey together.\n Add sugar and mix again.\n Mix coffee with baking powder and add margarine to the egg mixture.\n Add baking soda, flour and cinnamon and beat together well.\n Pour into greased cake pan.\n Bake for 55 minutes to 1 hour.",100,5
Enchiladas,"In a saucepan, combine tomato paste, water, garlic and chili powder; simmer 20 minutes.\n In skillet, brown ground beef with half of the onions; drain fat.\n Stir in 1 1/2 cups of cheese and 1 cup tomato paste mixture.\n Spoon 1/4 cup tomato paste mixture in 3-quart shallow baking dish.\n Soften tortillas, one at a time, by dipping in and out of remaining mixture.\n Spoon beef mixture down center of each tortilla; roll up.\n Place seam side down in baking dish.\n Pour remaining tomato paste mixture over top.\n Sprinkle with remaining cheese and onions.\n Bake at 350\u00b0 for 20 minutes. Makes 6 servings.",120,1
Zucchini In Tomato Juice(From Weight Watchers)  ,"Cut zucchini in half lengthwise, then cut into cubes.\n Put all ingredients in a saucepan and cook until the zucchini is tender.",150,2
Pineapple Casserole,"Mix sugar, flour and cheese.\n Add pineapple; pour in greased 10 x 10-inch casserole.\n Sprinkle crackers on top.\n Pour melted butter over top.\n Bake at 350\u00b0 for 30 minutes.",25,2
Brunswick Stew,"Bring chicken to boil in salted water.\n Reduce heat and simmer 1 hour, until tender.\n Remove from both.\n Add vegetables to broth and simmer until tender.\n Strip chicken from bones in large pieces and add to stew last 5 minutes of cooking.",100,3
Cheese Ball,"Mix together cream cheese, mayonnaise and lemon juice.\n Finely chop onions, beef, olives and bell pepper. Add to cheese mixture and mix well. Chill at least 6 hours.\n Shape into a ball and roll in chopped nuts. Serve with Ritz crackers.",75,5
Marinated Carrots,"Wash and scrape carrots. Cut in diagonal slices. Cook and drain. Cool. Combine carrots with raw onion rings in a bowl. Combine tomato soup, sugar, oil, vinegar, salt and pepper in saucepan.\n Bring to boiling point; stir to dissolve sugar.\n Pour hot mixture over vegetables and mix together.\n Cover and chill in refrigerator overnight.",30,1
Blueberry Cake,"Beat egg whites until stiff; add 1 cup sugar.\n Set aside. Cream the shortening, salt, rest of sugar and vanilla.\n Add egg yolks.\n Beat until creamy.\n Add baking powder, milk and flour to mixture alternately.\n Fold in egg whites, then blueberries.\n Pour into a well-greased and floured 9 x 13-inch pan.\n Sugar the top. Bake at 350\u00b0 for 50 minutes.",150,5
Summer Squash Casserole,"Cook squash and onion (in pot with just enough water to coat bottom or steam them),\n drain and set aside. Mix the soup (do not add water) with the sour cream; combine with\n squash and onion. Melt butter and combine with stuffing. Put layer of stuffing along bottom of 6 X 10 inch baking dish. Alternate layers of squash and stuffing ending with stuffing. Bake at 350\u00b0 for 20-25 minutes.",100,3
Skor Cake,"Make cake according to directions on box and bake in 9 x 13-inch pan.\n Immediately after removing from oven, poke holes all over cake and pour Eagle Brand milk and caramel sauce over top of cake.\n Allow cake to completely cool and then ice with Cool Whip. Crush Skor candy bars and sprinkle over cake.\n Keep refrigerated.",120,1
Never Fail Pie Crust(Double Pie Crust)  ,"Combine flour, sugar and salt.\n Put shortening in a chilled bowl and add flour mixture.\n Blend with pastry blender to a coarse meal.\n Blend egg and ice cold water together, then add vinegar and blend.\n Add to flour mixture and mix well.\n Roll out on floured surface.",150,2