RecipeID,Quantity,Unit,Ingredient
1,1,c.,firmly packed brown sugar
1,2,tbsp.,butter or margarine
1,3.5,c.,bite size shredded rice biscuits
3,32,oz.,frozen corn
3,8,oz.,cream cheese
3,0.333,c.,butter
3,0.25,tsp.,pepper
4,21,oz.,cans chicken gravy
4,4,oz.,shredded cheese
5,1,c.,peanut butter
5,0.75,c.,graham cracker crumbs
5,1,c.,melted butter
5,3.5,c.,powdered sugar
5,1,pkg.,chocolate chips
6,1,lb.,extra lean ground beef
6,6,c.,milk
6,8,oz.,carton sour cream (optional)
6,0.667,c.,butter or margarine
7,1.5,c.,sugar
7,1,c.,buttermilk
7,0.5,c.,butter
7,0.5,tsp.,salt
7,2,c.,flour
7,1,tsp.,soda
7,1,c.,buttermilk
7,2,c.,rhubarb
7,1,tsp.,vanilla
8,1,can,whole kernel corn
8,0.5,pkg.,(approximately 20) saltine crackers
8,6,tsp.,butter
9,1.5,lb,round steak (1-inch thick)
9,0.5,c.,onions
9,1.75,c.,water
9,1.5,tbsp.,Worcestershire sauce
10,1,c.,pecans
11,7,oz.,can dark sweet pitted cherries
11,6,oz.,Jell-O cherry flavor gelatin
11,2,c.,boiling water
11,0.125,tsp.,almond extract
11,1,c.,miniature marshmallows
12,8,oz.,soft butter
12,8,oz.,peanut butter
12,12,oz.,chocolate chips
14,8,oz.,Ortega taco sauce
14,8,oz.,sour cream
14,8,oz.,cream cheese
14,1,lb,ground beef
14,1,pkg.,taco seasoning
15,8,oz.,container thawed whipped topping
15,2,tbsp.,lemon juice
16,1,qt.,cleaned strawberries
16,1.5,c.,water
16,4,tbsp.,cornstarch
16,1,c.,sugar
16,0.125,tsp.,salt
16,4,tbsp.,strawberry jello
17,0.25,c.,Wesson oil
18,1,c.,mayonnaise
18,2,tbsp.,vinegar
19,1,lb,frozen strawberries in juice
19,1,c.,chopped pecans
19,1,pkg.,strawberry Jell-O
19,1.5,c.,boiling water
19,1,pt.,sour cream
20,1.5,c.,applesauce
20,3,tsp.,soda
20,1,tsp.,each: cinnamon
20,2,c.,sifted flour
20,1,c.,raisins
20,1,c.,nuts
11,0.5,c.,ginger ale
21,1,c.,sugar
21,1,tsp.,salt
21,2,tsp.,soda
21,2,c.,flour
22,1,pkg.,"""devils food cake mix"""
22,1,pkg.,chocolate fudge pudding mix (instant)
6,0.5,tsp.,pepper
6,0.75,tsp.,salt
22,0.75,c.,water
22,0.5,c.,Wesson oil
22,8,oz.,sour cream
22,6,oz.,chopped Frango mints
23,2,c.,7-Up or Sprite
23,1,c.,vegetable oil
23,1,c.,Kikkoman soy sauce
24,1,c.,oil
21,0.5,c.,shortening
24,1.5,c.,sugar
24,1,tbsp.,sweet basil
24,2,tbsp.,oregano
24,1,tsp.,Italian seasoning
25,1.5,lb,ground beef
24,0.5,c.,salt
25,1,c.,tomato juice
25,1.5,tsp.,salt
25,0.75,c.,oats (uncooked)
26,2,lb.,round steak
26,0.5,tsp.,ground black pepper
26,1,tsp.,ground white pepper
26,1,c.,beef stock or water
26,2,tsp.,salt
26,1,tsp.,ground red pepper
27,2,lb,round steak.5 to.75-inch thick
27,2,tbsp.,cooking oil
27,0.333,c.,water
27,2,tbsp.,brown sugar
27,1,tbsp.,prepared mustard
27,1,tbsp.,Worcestershire sauce
28,12,oz.,semi-sweet chocolate chips
28,1,oz.,unsweetened chocolate
28,1.5,c.,chopped nuts (if desired)
28,1,tsp.,vanilla
29,1,lb,Ground Beef
29,1,pkg.,taco seasoning
30,1,c.,milk
30,2,tbsp.,sugar
30,1,pkg.,dry yeast
30,1,tbsp.,salt
30,3,tbsp.,Crisco oil
30,2,c.,plain flour
31,1,qt.,fresh strawberries
31,1,lb,white grapes
31,1,lb,purple grapes
26,0.5,c.,vegetable oil
32,1,pkg.,chicken cutlets
32,0.333,c.,red vinegar
32,2,tbsp.,oregano
32,2,tbsp.,garlic salt
33,1,c.,ground nuts
34,1,tsp.,salt
34,0.25,tsp.,pepper
34,2,c.,half and half
34,3,c.,potatoes
34,1,c.,Cheddar cheese
34,0.333,c.,green onions
36,1,c.,mayonnaise
36,1,c.,Parmesan cheese
37,16,oz.,sour cream
37,1,pkg.,dry vegetable soup mix
37,10,oz.,frozen chopped broccoli
37,4,oz.,Cheddar cheese
38,1,lb,very thin spaghetti
38,0.5,pkg.,McCormick Salad Supreme (seasoning)
39,16,oz.,can pear halves
39,3,oz.,lime gelatin
39,8,oz.,cream cheese
39,8,oz.,carton lemon yogurt
40,7,lb,watermelon rind
40,7,c.,sugar
40,2,c.,apple vinegar
41,3,lb,chicken
41,16,oz.,can creamed corn
41,16,oz.,can English peas
41,16,oz.,can field peas
41,16,oz.,can butter beans
41,16,oz.,can tomatoes
41,46,oz.,can tomato juice
41,1,tbsp.,black pepper
41,1,tbsp.,salt
41,1,tbsp.,sugar
32,0.5,c.,oil
42,3,tbsp.,softened butter or margarine
42,1,c.,flour
42,1.25,tsp.,baking powder
42,0.25,tsp.,salt
42,0.333,c.,milk
42,0.25,tsp.,vanilla
42,0.333,c.,brown sugar
42,2,tbsp.,butter or margarine
43,5,c.,flour
43,3,tbsp.,sugar
43,4,tsp.,baking powder
43,1.5,pkg.,dry yeast
43,2,c.,buttermilk
43,1,tsp.,soda
43,1.5,sticks,margarine
43,0.5,c.,warm water
44,2,tbsp.,margarine
44,0.25,c.,crushed peppermint candy
45,0.25,c.,water
42,0.5,c.,granulated sugar
45,0.25,c.,brown sugar
45,2,whole,eggs
45,0.5,c.,chopped nuts
46,1,c.,flour
45,0.5,c.,soft butter
46,1,c.,sugar
47,3,c.,self rising flour
47,12,oz.,can beer
47,1,tbsp.,sugar
48,0.125,tsp.,curry powder
48,1,pkg.,chopped broccoli
1,0.5,c.,evaporated milk
1,0.5,tsp.,vanilla
1,0.5,c.,broken nuts (pecans)
49,1.5,c.,sifted flour
49,1,tsp.,vanilla
50,2,c.,water
50,1,tsp.,sugar
50,1,pkg.,Cup-a-Soup onion soup mix (dry)
50,1,lb,can stewed tomatoes
50,8,oz.,can tomato sauce
50,10,oz.,frozen mixed vegetables
51,1,c.,milk
51,1,pkg.,corn tortilla in pieces
46,0.5,c.,oleo
52,4,c.,shredded cabbage
52,0.25,c.,finely chopped green pepper
52,0.5,c.,shredded carrots
52,2,tbsp.,finely chopped onion
52,1,tbsp.,vinegar
52,2,tsp.,sugar
52,1,tsp.,celery seed
52,0.25,tsp.,salt
53,2,lb,flounder or pollack fillets
52,0.5,c.,mayonnaise
53,1.5,c.,chopped tomatoes
53,0.333,c.,lemon juice
53,1,tbsp.,salad oil
53,2,tsp.,salt
53,2,tsp.,minced onion
53,1,tsp.,basil leaves
53,0.25,tsp.,coarsely ground black pepper
40,0.5,tsp.,oil of cloves
40,0.5,tsp.,oil of cinnamon
54,0.5,c.,salad oil
54,0.667,c.,vinegar
54,1,c.,sugar
54,0.333,c.,water
55,16.5,oz.,can whole kernel corn
55,8,oz.,sour cream
55,8.5,oz.,Jiffy corn bread mix
56,1,lb,ground beef
56,0.333,c.,chopped onion
56,0.5,tsp.,oregano
56,0.5,tsp.,salt
56,2,c.,cooked wide noodles
56,0.333,c.,water
56,1,c.,cheese
57,1,tsp.,dry mustard
58,1,tbsp.,Worcestershire sauce
58,1,tsp.,dry mustard
58,2,tbsp.,mayonnaise
59,16,oz.,cream cheese
59,8,oz.,mild taco sauce
59,1,c.,Mozzarella cheese
53,0.5,c.,chopped green pepper
59,1,c.,Cheddar cheese
59,0.5,c.,black olives (optional)
60,2,c.,coconut
61,1,lb,orange sliced candy
61,2,c.,chopped pecans
61,1,tsp.,vanilla
61,1,tsp.,orange flavoring
62,1,c.,chopped nuts
62,8,oz.,softened cream cheese
62,1,lb,powdered sugar
64,1,whole,cut up chicken
64,0.5,c.,melted butter or margarine
64,1.5,c.,uncooked rice
65,8,oz.,cream cheese
65,0.5,c.,crushed pineapple
65,1,can,sweetened condensed milk
65,0.333,c.,chopped nuts
65,0.333,c.,lemon juice
66,8,oz.,Jell-O sugar-free vanilla or French vanilla pudding (put in dry)
66,8,oz.,Philadelphia light cream cheese
66,2,tbsp.,butter
66,2,tbsp.,peanut butter or more if you would like
67,1,c.,sugar
67,1.25,c.,sour cream (use light)
68,16,oz.,Cool Whip
68,2,pkg.,frozen strawberries
68,1.75,c.,sugar
68,12,oz.,cream cheese
69,1.5,c.,graham cracker crumbs
69,0.25,c.,granulated sugar
70,2,c.,sifted flour
70,1.5,tsp.,baking soda
60,0.5,c.,nut meats (optional)
70,0.25,tsp.,salt
70,1.5,c.,sugar
70,1,tsp.,vanilla
70,1,c.,milk
71,2,c.,raisins
71,1,c.,brown sugar
71,1,c.,granulated sugar
71,2,tbsp.,shortening
71,2,c.,cold water
71,3,c.,flour
71,2,tsp.,soda
71,1,tsp.,cinnamon
71,1,tsp.,nutmeg
71,1,tsp.,cloves
71,1,tsp.,salt
71,1,c.,nuts
72,0.5,c.,chopped onion
72,0.75,c.,melted butter
72,6,c.,diced potatoes
72,8,oz.,sour cream
72,1,c.,grated Cheddar cheese
72,2,c.,crushed cornflakes
74,2.667,c.,sugar
74,1,tsp.,vanilla
74,1,c.,chopped nuts
75,1,tsp.,cinnamon
75,0.25,c.,sugar
75,1,c.,flour
76,2,c.,Bisquick
76,1,lb,sausage
76,8,oz.,Cheddar cheese
77,2,c.,rice
78,2,tbsp.,butter
78,1,lb,ground beef
78,2,tbsp.,vinegar
78,2,tbsp.,lemon juice
78,2,tbsp.,brown sugar
78,1.5,tbsp.,mustard
78,1,tsp.,salt
78,1.5,tsp.,pepper
78,1,c.,catsup
78,1,c.,water
79,27.5,oz.,cans chicken broth
79,1,tbsp.,cornstarch
79,2,tbsp.,sliced green onion
80,1,tsp.,allspice
80,1,tsp.,whole cloves
80,1,c.,brown sugar
81,1,tbsp.,sesame seed
81,2,tsp.,grated ginger
81,2,tbsp.,honey
81,2,tbsp.,reduced-sodium soy sauce
82,16,oz.,fresh mushrooms
83,12,oz.,bag raw cranberries
83,1,c.,sugar
83,3,oz.,orange gelatin
84,1,c.,raw rice
85,6,oz.,softened cream cheese
85,2,tbsp.,margarine
85,2,tbsp.,sugar
70,0.5,c.,shortening
85,16,oz.,can whole berry cranberry sauce
85,1,c.,whipping cream
86,2,lb,Velveeta cheese
86,0.5,tsp.,salt
86,3,cloves,garlic
87,1.333,c.,flour
85,0.75,c.,crushed pineapple
87,1.25,tsp.,salt
87,0.5,tsp.,soda
87,2,tbsp.,sugar
88,4,lb,confectioners sugar
88,1,c.,cocoa
88,1,c.,chopped nuts
88,1,lb,margarine (not whipped)
88,1,lb,Velveeta
88,1,tbsp.,vanilla
89,3,lb,squash
89,1,pt.,sour cream
89,1,pkg.,Pepperidge Farm stuffing mix
90,2,pkg.,cream cheese
90,2,c.,shredded Cheddar cheese (8 oz.)
90,1,tbsp.,chopped pimento
90,1,tbsp.,chopped green pepper
90,1,tbsp.,chopped onion
90,1,tsp.,lemon juice
90,2,tsp.,Worcestershire sauce
87,0.75,tbsp.,baking powder
91,1,pkg.,apricot jello
91,8,oz.,cream cheese
91,20,oz.,can crushed pineapple
92,3,c.,plain flour (cake flour may be substituted for plain flour)
91,0.667,c.,sugar
92,3,c.,sugar
92,0.5,c.,butter flavor Crisco
92,2,sticks,margarine
92,1,c.,sweet milk
92,2,tbsp.,flavoring (lemon
93,1,c.,brown sugar
93,2,tbsp.,milk
94,8,oz.,can crescent rolls
94,1.5,c.,grated medium or sharp cheese
94,1.5,c.,milk
95,1,whole,diced onion
95,0.5,c.,grated Cheddar cheese
96,3,lb.,pork and beans
96,0.333,c.,brown sugar
96,1,tsp.,salt
96,0.333,tsp.,black pepper
96,1,lb,ground beef
96,1,tbsp.,oil
97,2,c.,diced cooked chicken
92,0.5,tsp.,baking powder
97,2,tbsp.,shortening
97,2,c.,carrot chunks
97,1.25,c.,water
97,2,tbsp.,cornstarch
97,2,tbsp.,vinegar
97,1,tbsp.,soy sauce
97,1,c.,green pepper (large chunks)
97,8,oz.,pineapple chunks
97,0.5,c.,onion (large chunks)
98,1,c.,moist coconut
98,0.25,c.,sugar
98,1,c.,orange juice
99,1,c.,creamy peanut butter
99,1,c.,sugar
100,0.333,c.,soft margarine
98,0.5,c.,pecans
100,1,c.,pecans
101,1,c.,flour
101,1,tsp.,soda
101,1,tsp.,salt
101,1,tbsp.,sugar
101,3,tbsp.,margarine
101,1,c.,buttermilk
102,0.25,c.,butter
102,0.25,lb,mushrooms
102,0.25,c.,chopped onion
102,1,c.,diced
102,2,c.,Ricotta cheese
102,1,c.,shredded Monterey Jack
102,10,oz.,frozen spinach
103,1,c.,red cabbage
103,2,tbsp.,butter
103,1,tbsp.,brown sugar
103,1,tbsp.,vinegar
104,4,lb,potatoes
104,3,tbsp.,flour
104,2,tsp.,salt
104,0.25,tsp.,pepper
104,1,c.,cider vinegar
104,1,c.,water
105,2,tbsp.,butter
105,1,lb,ground beef or turkey
105,3,c.,beef or chicken broth
105,1,c.,diced potatoes
105,1,c.,celery
105,1,c.,frozen green beans
100,0.5,c.,Bits O Brickle
105,1,c.,dry red wine
96,0.5,c.,bell pepper
106,1,lb.,jar Tang
106,1,pkg.,lemonade Kool Aid with sugar added
106,2,c.,sugar
106,1,tsp.,ground cloves
105,0.5,tsp.,basil
106,2,tsp.,cinnamon
107,1,lb,hamburg
108,1,c.,sugar
108,1.5,tsp.,vanilla
108,2.5,c.,flour
106,0.5,c.,instant tea
108,1,tsp.,baking powder
109,0.25,c.,brandy
109,0.25,c.,Triple Sec.
110,1,lb,cooked
110,1,c.,onion
110,1,c.,kidney beans
110,1,c.,butter beans
108,0.5,tsp.,salt
110,1,c.,baked beans
110,1,sm,can mild green chilies
110,0.75,c.,ketchup
110,1,tsp.,beef bouillon
110,0.5,c.,water
110,2,tbsp.,honey
110,0.667,c.,bell pepper
110,1,tsp.,Worcestershire sauce
111,4,c.,quick cooking oats
111,2,c.,brown sugar
111,1,c.,salad oil
111,1,tsp.,almond extract
112,0.75,"c""",water
112,1,can,Campbells cream of mushroom soup
112,1,c.,cashews or peanuts
74,0.667,c.,white corn syrup (Karo)
74,0.667,c.,cold water
112,1,c.,chopped celery
113,8,oz.,cream cheese
113,1,tbsp.,pimiento
114,16,oz.,cream cheese
114,0.667,can,chopped black olives
115,3.5,c.,large shells (uncooked)
115,2,c.,cubed
115,2,c.,fresh
115,2,c.,fresh
115,1,c.,sliced carrots
110,0.5,tsp.,garlic pwd
115,1,c.,sliced green onions
83,0.5,c.,nuts
115,0.75,c.,skim milk
115,1,c.,reduced calorie creamy Italian salad dressing
116,9,oz.,frozen artichoke hearts
116,2,tbsp.,water
116,2,c.,fresh mushrooms
116,2,tbsp.,finely chopped green onion
116,1,tbsp.,margarine or butter
117,1,lb,ground chuck
117,1,tsp.,shortening
117,16,oz.,can tomatoes
117,8,oz.,can tomato sauce
117,2,tsp.,salt
117,2,tsp.,sugar
117,5,oz.,egg noodles
117,1,c.,sour cream
117,3,oz.,cream cheese
117,1,c.,grated cheese
118,12.5,oz.,can chunk white chicken
118,2,c.,chopped celery
118,1,pkg.,slivered almonds
118,1,c.,water chestnuts
115,0.5,lb.,fresh mushrooms
118,1,c.,white grapes
118,0.125,tsp.,pepper
118,1,tsp.,lemon juice
119,1.5,c.,sugar
119,1,tbsp.,meal
119,1,tbsp.,vinegar
119,1,tsp.,vanilla
120,1,lb,vermicelli
120,1,lb,fine chopped bell pepper
121,0.333,c.,white vinegar
121,1,tsp.,salt
121,3,tbsp.,sugar
122,13,oz.,can cooked chicken
122,10,oz.,can cream of mushroom soup
122,10,oz.,can cream of chicken soup
122,10,oz.,can Rotel tomatoes
122,2,c.,cheese of your choice
122,16,oz.,spaghetti
122,1,tbsp.,steak seasoning
123,16,oz.,cream cheese
123,4,c.,shredded sharp cheese
123,0.333,c.,mayonnaise
123,1,tsp.,Worcestershire sauce
123,0.125,tsp.,garlic salt
123,0.125,tsp.,celery salt
118,0.5,tsp.,salt
123,0.125,tsp.,onion salt
124,1,c.,miniature marshmallows
124,0.5,pkg.,Cool Whip (small)
125,1,whole,egg
125,0.5,c.,milk
123,0.5,c.,chopped pimento
125,1.5,c.,flour
125,0.5,c.,sugar
125,2,tsp.,baking powder
125,1,c.,blueberries (optional)
126,1,c.,flour
126,1,pkg.,cream cheese
126,1,pkg.,Cool Whip
126,1,c.,powdered sugar
126,2,pkg.,instant vanilla pudding
126,3,c.,milk
125,0.5,tsp.,salt
127,1,c.,water
127,1,tsp.,sugar
127,1,c.,all-purpose flour
128,2,whole,eggs
128,0.5,tsp.,grated onion
129,2,lb,ground beef
129,1,pkg.,dry onion mix
129,3,cans,B & M beans
129,2,cans,green baby lima beans
129,1,tsp.,chili powder
129,1,c.,ketchup
129,1,tbsp.,dry mustard
130,46,oz.,apricot nectar
130,1.25,c.,sugar
130,7,tbsp.,cornstarch
130,1,c.,chopped walnuts
131,8,oz.,cream cheese (at room temperature)
131,4,oz.,sliced almonds
133,1,c.,mayonnaise
133,1,c.,grated Parmesan or Romano cheese
134,2.5,lb,onions
134,1,qt.,"""beef stock (3 cans Campbells beef stock)"""
134,1,qt.,"""chicken stock (3 cans Campbells chicken stock)"""
134,2,tbsp.,Worcestershire sauce
134,1.5,tsp.,garlic salt
134,1,tsp.,black pepper
135,1,c.,sugar
135,2,tbsp.,flour
135,1,tsp.,cinnamon
136,1,lb,hamburger
136,1,c.,ketchup
136,3,tbsp.,Worcestershire sauce
136,1,tbsp.,mustard
136,2,tbsp.,sugar
137,3,c.,flour
137,3,c.,sugar
127,0.5,c.,butter
137,3,tbsp.,lemon flavor
129,0.5,c.,light Karo syrup
129,0.5,c.,dark brown sugar
138,8,oz.,cream cheese
138,1,c.,chopped candied dill pickles
137,0.75,c.,7-Up
138,2,tbsp.,chopped onion
138,1,tbsp.,Worcestershire sauce
138,2,tsp.,Nance mustard
138,3,tbsp.,pickle juice
138,0.5,tsp.,horseradish
139,2,c.,sugar
139,3,tbsp.,cocoa
139,3,tbsp.,flour
139,2,tbsp.,butter
139,1,tsp.,vanilla
139,1,c.,boiling water
140,32,oz.,bag Tater Tots
140,2,lb,ground beef
141,2.5,tbsp.,cornstarch
141,1,c.,water
141,3.5,tbsp.,blackberry flavored gelatin
141,4,c.,fresh blackberries
142,16,oz.,Cool Whip
142,2,c.,coconut
142,0.75,stick,margarine
142,1,c.,slivered almonds
142,8,oz.,cream cheese
49,0.5,tsp.,baking powder
49,0.5,tsp.,salt
49,0.5,c.,butter
49,0.667,c.,sugar
143,1,c.,sour cream
144,1,tbsp.,oil
144,5,oz.,frozen broccoli
144,0.5,stick,margarine
144,1,pkg.,Jiffy cornbread mix
144,6,oz.,cottage cheese
145,1,c.,diced carrots
145,1,c.,small macaroni
145,1.5,lb,ground turkey or beef
145,14,oz.,can French green beans
145,1,tsp.,Italian seasoning
145,1,c.,sweet peas
146,0.25,c.,cocoa
146,2,c.,flour
146,2,c.,sugar
146,1,tsp.,baking soda
146,1,tsp.,vanilla
139,0.5,c.,milk
146,1,c.,water
147,1.5,c.,graham cracker crumbs
147,6,oz.,semi-sweet chocolate chips
147,1,c.,chopped nuts
148,1,c.,sugar
148,1,c.,packed brown sugar
148,0.333,c.,evaporated milk
148,0.5,stick,butter
148,1.5,c.,pecans
148,1.5,c.,coconut
149,1,pkg.,chopped pecans (about.5 c.)
150,1.333,c.,white sugar
150,6,tbsp.,butter
112,0.5,c.,finely chopped onion
112,0.5,c.,cooked peas
150,6,tbsp.,milk
151,16,oz.,can pumpkin (not pumpkin mix)
150,0.5,c.,chocolate chips
150,0.5,tsp.,vanilla
151,1,tsp.,cinnamon
152,0.25,c.,sugar
146,0.5,c.,buttermilk
152,0.25,tsp.,ground nutmeg
152,0.667,c.,orange juice
152,0.333,c.,half and half cream
153,9,c.,Chex cereal
153,1,c.,chocolate chips
152,0.5,tsp.,vanilla
153,1.5,c.,powdered sugar
153,0.25,c.,margarine
153,1,tsp.,vanilla
154,16,oz.,can yellow hominy
154,32,oz.,cans tamales
154,2,c.,shredded mild Cheddar cheese
155,1,c.,sour cream
155,3,tbsp.,mayonnaise
155,1,pkg.,taco seasoning
155,1,c.,Mozzarella cheese
155,1,c.,cheddar cheese
156,4,c.,water or potato water
156,3,pkg.,dry yeast
156,2,tbsp.,salt
156,1,c.,sugar or more
157,2,c.,chicken
157,3,c.,chicken broth
157,1,c.,chopped onion
157,0.75,c.,oleo
157,1.5,c.,milk
157,1.5,tsp.,baking powder
157,1.5,c.,self-rising flour
158,3,c.,chicken stock or vegetable stock
158,1,pkg.,(10 oz.) frozen artichoke hearts
158,2,t,olive or canola oil
158,1,c.,arborio
158,4,oz.,spinach
158,3,T,grated parmesan cheese
159,1,tsp.,dried basil
159,1,tsp.,oregano
143,0.5,tbsp.,minced onion
143,0.5,tbsp.,parsley flakes
143,0.5,tbsp.,dill weed
159,1,tsp.,thyme
159,1,c.,dry red or white wine
160,1,c.,vegetable oil
160,1,pkg.,pistachio instant pudding mix
160,1,c.,ginger ale
160,3,whole,eggs
160,0.5,c.,chopped pecans
138,0.667,c.,mayonnaise
160,0.75,c.,milk
160,8,oz.,cool whip
160,1,pkg.,of pistachio instant pudding mix
161,2,c.,self-rising flour
161,1,c.,crushed walnuts
161,2,c.,sugar
161,2,tsp.,allspice
161,1,c.,oil
162,1,qt.,cranberry juice
162,1,qt.,ginger ale
162,1,c.,boiling water
162,6,oz.,frozen lemonade
162,3,c.,cold water
163,2,c.,sugar
163,2,c.,Milnot
164,2,c.,sugar
164,1,c.,Crisco oil
153,0.5,c.,peanut butter
164,2.5,c.,self-rising flour
164,1,tsp.,vanilla flavor
164,1,tbsp.,butternut flavor
165,2,c.,all-purpose flour
165,1.5,c.,sugar
165,2,tsp.,baking soda
164,0.5,c.,sweet milk
165,1,tsp.,ground cinnamon
159,0.5,tsp.,salt
159,0.5,tsp.,marjoram
159,0.5,tsp.,rosemary
165,2,c.,grated carrots
165,8,oz.,can crushed pineapple
165,1,c.,vegetable oil
165,2,tsp.,vanilla
166,1.75,c.,quick cooking long grain and wild rice or plain rice
166,10.75,oz.,can French onion soup (undiluted)
165,0.5,tsp.,salt
166,2.5,oz.,jar sliced mushrooms (undrained)
166,2,tbsp.,melted butter or margarine
167,2,tbsp.,bacon drippings
167,1,tbsp.,flour
167,1,tsp.,salt
167,1,tsp.,sugar
167,16,oz.,can tomatoes
167,16,oz.,can green peas
168,1,c.,sugar
166,0.5,c.,water
168,1.75,c.,flour
168,1.25,tsp.,cream of tartar
168,1,c.,chopped nuts (optional)
170,2,lb,bag hash browns
170,1,pt.,sour cream
170,10,oz.,grated sharp Cheddar cheese
171,3,c.,flour
171,4.5,tsp.,baking powder
165,0.5,c.,raisins
165,0.5,c.,coconut
165,0.5,c.,chopped pecans
171,0.5,tsp.,salt
171,0.75,c.,cream of tartar
171,0.75,c.,butter
171,2,tbsp.,sugar
171,1,c.,milk
172,1,lb,lean hamburger
172,1,pkg.,lasagne noodles
173,4,lb,new potatoes (red skin)
174,2,c.,milk
174,1,tsp.,vanilla
174,0.25,c.,melted butter
168,0.75,tsp.,soda
174,1.75,c.,sugar
174,1.5,c.,coconut
176,1,c.,sifted all-purpose flour
174,0.5,c.,self-rising flour
176,2,tsp.,baking powder
176,2,tbsp.,sugar
176,1,c.,milk
176,3,tbsp.,butter or margarine
177,1,whole,egg white
177,0.667,c.,light brown sugar
177,1,tsp.,vanilla
177,4,c.,whole pecans
178,1,lb,ground beef
178,14,oz.,Pizza Quick sauce
178,2,c.,shredded Mozzarella cheese
178,1,jar,sliced mushrooms
178,0.75,c.,biscuit mix
178,1.5,c.,milk
179,12,oz.,semi-sweet chocolate chips
179,14,oz.,can sweetened condensed milk
179,8.5,oz.,chocolate wafers
179,1,c.,chopped nuts
151,0.5,tsp.,ginger
151,0.5,tsp.,salt
180,1,pkg.,frozen chopped broccoli
181,1.25,c.,all-purpose flour
176,0.5,tsp.,salt
181,1.5,tsp.,baking powder
181,0.5,tsp.,almond extract
181,1,c.,chopped nuts
181,1,c.,sugar
181,1,tsp.,salt
181,1,c.,cut up dates or whole raisins
181,6,oz.,semi-sweet chocolate chips
182,1,lb,hamburger
182,2,tbsp.,oil
182,1,c.,cooked rice
182,1.5,c.,warm water
182,0.25,c.,soy sauce
182,0.25,tsp.,pepper
183,1,lb,butter (not margarine)
180,0.5,c.,mushroom soup
180,0.5,c.,mayonnaise
183,2,c.,granulated sugar
181,0.5,c.,chopped maraschino cherries
184,1,lb.,ground beef
185,1,pkg.,yellow cake mix
185,0.75,c.,water
184,0.5,c.,rice
185,1,pkg.,instant lemon pudding
186,1,whole,egg
186,0.5,tsp.,vanilla
183,0.5,c.,water
183,0.5,c.,chopped almonds
186,1.25,c.,sifted flour
186,10,oz.,"""bag miniature Reeses peanut butter cups"""
186,0.75,tsp.,baking soda
186,0.5,tsp.,salt
187,2,c.,milk
187,0.125,tsp.,onion powder
187,2,c.,croutons (cheese)
187,1,c.,grated Velveeta
185,0.5,c.,oil
188,1,tsp.,cinnamon
188,0.5,tsp.,ground cloves
188,0.25,tsp.,salt
188,1,c.,brown sugar
188,1.75,c.,flour
188,0.5,c.,chopped pecans
188,1,tsp.,baking soda
188,1,c.,raisins
188,1.25,c.,applesauce
189,3,c.,flour
189,3,whole,eggs
189,0.5,c.,water
190,4,c.,sugar
190,4,sq,baking chocolate
190,9,oz.,bar milk chocolate
190,12,oz.,semi-sweet chocolate
190,1,tbsp.,vanilla
190,2,c.,chopped nuts
191,1.5,c.,flour
188,0.5,tsp.,ground nutmeg
191,1,c.,sugar
191,6,oz.,chocolate chips
191,2,c.,chopped nuts
191,1,c.,candied cherries
192,2,tbsp.,confectioners sugar
192,1,tsp.,grated orange peel
193,0.25,c.,cocoa
193,1,c.,sugar
193,2,whole,eggs
193,0.5,c.,margarine at room temperature
193,0.125,tsp.,salt
191,0.5,tsp.,baking powder
193,1,tsp.,vanilla
194,1,c.,water
194,1,c.,flour
194,3,pkg.,vanilla instant pudding
194,4,c.,milk
194,8,oz.,cream cheese
194,12,oz.,Cool Whip
193,0.5,c.,chopped nuts
195,1,c.,nonfat plain yogurt
195,1,c.,mandarin juice
196,1,c.,cocoa
196,1,c.,butter
196,1.5,c.,milk
196,2,tbsp.,vanilla
196,5,c.,peanut butter
195,0.5,c.,heavy cream
197,4,tsp.,olive oil
197,1,tsp.,dried thyme
197,0.5,tsp.,garlic powder
197,0.25,tsp.,dried marjoram
197,3,tbsp.,grated Parmesan cheese
198,20,oz.,can pineapple chunks
198,2,c.,grapes
198,2,c.,miniature marshmallows
198,1,c.,sliced strawberries
198,3,c.,chopped apples
198,2,tsp.,lemon juice
198,2,tsp.,orange juice
198,1,tbsp.,cornstarch
197,0.5,tsp.,paprika
199,1,qt.,strawberries
199,1,c.,sugar
199,3,tbsp.,cornstarch
199,1,tbsp.,butter
200,2,c.,sugar
200,2,c.,milk
200,2,tbsp.,cornstarch
200,2.5,tsp.,vanilla
201,4,to,chicken broth
201,1,c.,chopped chicken
201,3,tbsp.,flour (self-rising)
201,2,tbsp.,water
202,4,lb,beef brisket
202,1,c.,catsup
202,1,c.,water
202,0.5,c.,onion
202,2,tbsp.,cider vinegar
202,1,tbsp.,prepared horseradish
202,1,tbsp.,prepared mustard
199,0.75,c.,water
202,1,tsp.,salt
203,3,tbsp.,tapioca
202,0.5,tsp.,pepper
203,1,c.,water
203,0.5,c.,sugar
203,1.5,c.,water
203,16,oz.,can peach slices
203,16,oz.,bag frozen whole strawberries
204,1,c.,corn meal
204,1,c.,flour
203,6,oz.,can frozen orange juice
204,2,tbsp.,sugar
204,2,tsp.,baking soda
204,1,c.,buttermilk
204,0.25,c.,bacon fat
204,0.5,tsp.,salt
205,5,lb.,rolled pork roast
205,1,tbsp.,dry mustard
205,0.5,c.,sherry
205,1,tsp.,thyme
205,1,tsp.,ginger
206,2,lb,pork tenderloin
206,1,tbsp.,oil
206,1,tbsp.,minced garlic.
206,4,c.,water
206,3,tsp.,cornstarch
207,1,pkg.,dry yeast
207,4,c.,self-rising flour
207,2,c.,lukewarm water
207,0.25,c.,sugar
208,3.5,c.,flour
208,3,tsp.,baking soda
208,1,c.,packed brown sugar
208,1,tbsp.,milk
208,2,tbsp.,vanilla
208,1,c.,cornflakes
208,12,oz.,chocolate pieces (semi-sweet)
205,0.5,c.,soy sauce
208,1,tsp.,salt
208,1,c.,granulated sugar
208,1,c.,vegetable oil
208,1,c.,quick oats
209,2,tbsp.,lemon juice or wine vinegar
209,1,tbsp.,honey
209,1,tbsp.,rosemary
209,2,tbsp.,water
209,1,tbsp.,flax seed
209,1,tsp.,parsley
210,8,oz.,pecan pieces
210,1,pt.,Cool Whip
211,2.5,c.,milk
211,2,whole,egg yolks
211,0.667,c.,sugar
211,4,tbsp.,cornstarch
211,2,tsp.,vanilla
211,3,tbsp.,butter (room temperature)
212,2,tsp.,lemon juice
212,1,tsp.,salt
212,0.25,c.,crumbled Blue cheese
212,2,c.,sliced red or yellow onions
208,0.5,c.,butter
213,1.5,c.,graham cracker crumbs
213,0.25,tsp.,cinnamon
213,0.25,c.,sugar
213,16,oz.,cream cheese
213,0.5,c.,butter
213,0.333,c.,milk
213,4,tbsp.,lemon juice
213,0.5,c.,sugar
214,1,c.,sugar
214,1.5,c.,flour
214,1,tsp.,baking soda
214,1,tsp.,baking powder
214,1,tsp.,cinnamon
214,1,jar,junior strained carrots (baby food)
215,6,oz.,can frozen lemonade concentrate
215,6,c.,water
215,1,qt.,ginger ale
214,0.667,c.,oil
216,0.5,c.,mayonnaise
217,1,lb,ground beef
217,8,oz.,crescent rolls
217,0.125,c.,chopped onion
217,1,tsp.,Worcestershire sauce
216,0.5,pkg.,Ritz crackers
217,1,tsp.,lemon juice
217,0.5,tsp.,paprika
217,0.25,tsp.,garlic powder
217,0.125,tsp.,pepper
217,2,c.,shredded cheese
218,2,c.,sugar
218,2,c.,flour
217,0.5,tsp.,salt
218,2,c.,pumpkin
218,2,tsp.,cinnamon
218,1,tsp.,nutmeg
218,2,tsp.,soda
218,1,c.,oil
218,2,tsp.,baking powder
218,1,c.,chopped walnuts
219,1.5,lb,sharp Cheddar cheese
219,2,c.,flour
219,1.5,tsp.,salt
219,1.5,tsp.,paprika
220,1,lb,American cheese (shredded)
221,1,c.,flour
221,0.5,c.,chopped pecans
221,1,stick,butter
221,1,tbsp.,sugar
221,8,oz.,cream cheese
221,1,c.,powdered sugar
221,2,pkg.,instant pudding
221,3,c.,milk
222,1,lb,ground beef
222,12,oz.,can pet milk (can use fat free)
223,2,c.,flour
187,0.5,tsp.,mustard
187,0.5,tsp.,salt
223,1,tsp.,baking soda
223,1,c.,sugar
223,1,tsp.,vanilla
218,0.5,tsp.,salt
223,1,c.,sour cream
223,0.5,c.,sugar
223,0.5,c.,chopped nuts
223,1,tsp.,cinnamon
223,1.25,c.,apples
223,0.5,tsp.,salt
223,0.5,c.,butter
224,1.5,c.,sugar
224,2,tsp.,cinnamon
224,2.75,c.,flour
224,2,tsp.,cream of tartar
224,1,tsp.,baking soda
224,0.25,tsp.,salt
224,2,tsp.,sugar
225,1,lb,spaghetti
226,1,lb,ground meat
226,1,tsp.,chili powder
226,1,tsp.,salt
226,1,tsp.,chili powder
227,1,c.,sour cream
227,10,oz.,frozen chopped broccoli
228,1,whole,egg
228,0.667,c.,water
228,1,tbsp.,vegetable oil
228,1,tsp.,lemon juice
228,1,c.,all-purpose flour
228,1.5,tsp.,baking powder
228,1.25,tsp.,salt
229,1,c.,White Lily Self Rising Flour
226,0.5,tsp.,allspice
229,0.333,c.,mayonnaise
230,1,c.,cracker crumbs
230,1.5,lb,ground chuck
230,4,tbsp.,finely chopped onion
230,1.5,tsp.,salt or to taste
230,1,tsp.,dry mustard
230,1,tbsp.,ketchup
230,1,c.,grated American cheese
229,0.5,c.,sweet milk
231,8,oz.,semi-sweet chocolate
231,1,tsp.,vanilla
231,0.125,tsp.,salt
231,1,c.,chopped nuts
232,2,tbsp.,margarine
232,1,lb,ground beef
231,0.667,c.,sweetened condensed milk
232,1,pkg.,onion soup mix
232,1,c.,catsup
232,2,tbsp.,prepared mustard
232,2,tsp.,vinegar
232,1,lb,can kidney beans
233,1,c.,brown sugar
233,1,c.,flour
233,0.333,c.,shortening
233,1,tsp.,baking soda
234,2,c.,biscuit mix
234,1.5,tbsp.,sugar
234,6,oz.,warm beer
235,1,c.,chopped onion
235,1,c.,chopped green pepper
235,1,tbsp.,butter
235,2.25,oz.,can sliced ripe olives
235,2,tsp.,dried oregano
235,1,lb,ground beef
235,12,oz.,spaghetti
235,16,oz.,shredded Cheddar cheese
235,10.75,oz.,can condensed cream of mushroom soup (undiluted)
236,0.5,c.,granulated sugar
236,1.5,c.,water
236,1,tsp.,apple pie spice
236,1,tsp.,vanilla
237,2,c.,hot water
237,10,oz.,frozen strawberries
238,8,oz.,cream cheese
238,1,tsp.,vanilla
239,1,lb,can cream-style corn
239,1,tbsp.,butter
239,1,tbsp.,flour
239,3,tbsp.,sugar
239,1,c.,scalded milk
239,1,tsp.,salt
239,0.125,tsp.,pepper
240,1,c.,strong black coffee
240,2,tsp.,baking powder
240,3,tbsp.,soft margarine
240,1,tsp.,baking soda
240,4,c.,flour
240,1,tsp.,cinnamon
241,12,oz.,can tomato paste
241,1,qt.,water
241,5,tsp.,chili powder
232,0.5,c.,water
241,1,lb.,lean ground beef
241,2,c.,shredded Monterey Jack cheese
241,1,doz.,corn tortillas
242,12,oz.,tomato juice
242,2,tbsp.,bell pepper
242,2,tbsp.,dehydrated onions
243,1,c.,sugar
243,6,tbsp.,flour
243,2,c.,grated Cheddar cheese
243,1.5,c.,crushed Ritz crackers
243,31,oz.,can pineapple chunks
244,2,lb,chicken
244,3,c.,water
244,1.5,tsp.,salt
244,10,oz.,box frozen limas
244,1,c.,frozen or 1 can corn
245,16,oz.,cream cheese
245,2,tbsp.,mayonnaise
245,1,tsp.,lemon juice
245,6,oz.,smoked deli beef
246,2,lb,carrots
246,10,oz.,can tomato soup
224,0.5,c.,margarine
224,0.5,c.,vegetable shortening
246,1,c.,sugar
247,2,c.,sugar
247,1,c.,shortening
247,1,tsp.,salt
247,2,tsp.,baking powder
247,2,tsp.,vanilla
241,0.5,c.,chopped green onions
247,3,c.,flour
247,3,c.,floured blueberries
248,6,c.,sliced yellow squash
248,1,c.,finely chopped onion
248,8,oz.,sour cream
248,8,oz.,stuffing mix
250,4,c.,sifted flour
250,1.5,c.,shortening
250,0.5,c.,ice cold water
250,1,whole,egg
250,1,tbsp.,vinegar
247,0.667,c.,milk
250,1,tsp.,sugar
214,0.5,c.,nuts
233,1,c.,milk
233,0.5,tsp.,baking powder
233,0.5,c.,sour milk
246,0.5,c.,salad oil
246,0.75,c.,vinegar
236,5,whole,cooking apples
236,0.5,c.,brown sugar
250,0.5,tsp.,salt
